{
  "train": {
    "loss": [
      0.6942558884620667,
      0.6948436299959818,
      0.6930475433667501,
      0.6905173460642496,
      0.6919677456219991,
      0.6911845207214355,
      0.6933496991793314,
      0.6933469176292419,
      0.6931355595588684,
      0.6908454696337382,
      0.6946198145548502
    ],
    "auc": [
      0.4444444444444445,
      0.25,
      0.5,
      0.7777777777777779,
      0.5555555555555556,
      0.6666666666666667,
      0.6111111111111112,
      0.5555555555555556,
      0.5555555555555556,
      0.7500000000000001,
      0.3055555555555556
    ],
    "accuracy": [
      0.5833333333333334,
      0.5,
      0.5833333333333334,
      0.5833333333333334,
      0.4166666666666667,
      0.6666666666666666,
      0.5833333333333334,
      0.5,
      0.4166666666666667,
      0.5833333333333334,
      0.5
    ],
    "f1": [
      0.7058823529411765,
      0.625,
      0.7058823529411765,
      0.6666666666666666,
      0.5333333333333333,
      0.75,
      0.6153846153846154,
      0.6666666666666666,
      0.5882352941176471,
      0.7058823529411765,
      0.625
    ]
  },
  "val": {
    "loss": [
      0.69667187333107,
      0.6966734230518341,
      0.6966795325279236,
      0.6966862678527832,
      0.6966962218284607,
      0.6967019140720367,
      0.696709543466568,
      0.6967140138149261,
      0.6967176795005798,
      0.6967230439186096,
      0.6967262625694275
    ],
    "auc": [
      0.8333333333333334,
      0.8333333333333334,
      0.8333333333333334,
      0.8333333333333334,
      0.8333333333333334,
      0.8333333333333334,
      0.8333333333333334,
      0.8333333333333334,
      0.8333333333333334,
      0.8333333333333334,
      0.8333333333333334
    ],
    "accuracy": [
      0.14285714285714285,
      0.14285714285714285,
      0.14285714285714285,
      0.14285714285714285,
      0.14285714285714285,
      0.14285714285714285,
      0.14285714285714285,
      0.14285714285714285,
      0.14285714285714285,
      0.14285714285714285,
      0.14285714285714285
    ],
    "f1": [
      0.25,
      0.25,
      0.25,
      0.25,
      0.25,
      0.25,
      0.25,
      0.25,
      0.25,
      0.25,
      0.25
    ]
  }
}