{
  "train": {
    "loss": [
      0.5451022088527679,
      0.5697818185601916,
      0.5445946625300816,
      0.5455496183463505,
      0.5455707269055503,
      0.5710723911012922,
      0.5727184159415108,
      0.5702937415667942,
      0.5435247378689902,
      0.5429931581020355,
      0.5447760735239301,
      0.5446405581065586,
      0.5441631419318063,
      0.5424404527459826
    ],
    "auc": [
      0.30666666666666664,
      0.54,
      0.4733333333333334,
      0.3333333333333333,
      0.24000000000000002,
      0.52,
      0.22666666666666668,
      0.5266666666666666,
      0.5133333333333334,
      0.5466666666666666,
      0.42,
      0.38666666666666666,
      0.49999999999999994,
      0.58
    ],
    "accuracy": [
      0.6,
      0.56,
      0.6,
      0.6,
      0.6,
      0.6,
      0.56,
      0.6,
      0.6,
      0.6,
      0.56,
      0.6,
      0.6,
      0.56
    ],
    "f1": [
      0.75,
      0.717948717948718,
      0.75,
      0.75,
      0.75,
      0.75,
      0.717948717948718,
      0.75,
      0.75,
      0.75,
      0.717948717948718,
      0.75,
      0.75,
      0.717948717948718
    ]
  },
  "val": {
    "loss": [
      0.6419668644666672,
      0.6419678032398224,
      0.6419605165719986,
      0.6419456303119659,
      0.6419338881969452,
      0.64193294942379,
      0.6419180631637573,
      0.6418994069099426,
      0.6418853402137756,
      0.6418839991092682,
      0.641875758767128,
      0.6418774425983429,
      0.6418850123882294,
      0.6418933123350143
    ],
    "auc": [
      0.3888888888888889,
      0.3888888888888889,
      0.3888888888888889,
      0.4166666666666667,
      0.4166666666666667,
      0.4166666666666667,
      0.4166666666666667,
      0.4166666666666667,
      0.4166666666666667,
      0.4166666666666667,
      0.4166666666666667,
      0.4166666666666667,
      0.4166666666666667,
      0.4166666666666667
    ],
    "accuracy": [
      0.3076923076923077,
      0.3076923076923077,
      0.3076923076923077,
      0.3076923076923077,
      0.3076923076923077,
      0.3076923076923077,
      0.3076923076923077,
      0.3076923076923077,
      0.3076923076923077,
      0.3076923076923077,
      0.3076923076923077,
      0.3076923076923077,
      0.3076923076923077,
      0.3076923076923077
    ],
    "f1": [
      0.47058823529411764,
      0.47058823529411764,
      0.47058823529411764,
      0.47058823529411764,
      0.47058823529411764,
      0.47058823529411764,
      0.47058823529411764,
      0.47058823529411764,
      0.47058823529411764,
      0.47058823529411764,
      0.47058823529411764,
      0.47058823529411764,
      0.47058823529411764,
      0.47058823529411764
    ]
  }
}