{
  "train": {
    "loss": [
      0.7163217663764954,
      0.7243750265666417,
      0.7179649727685111,
      0.7162779569625854,
      0.7247653092656817,
      0.7171298520905631,
      0.7258672884532383,
      0.7173408014433724,
      0.7239351613180978,
      0.7179014682769775,
      0.7160826751164028
    ],
    "auc": [
      0.5897435897435898,
      0.5897435897435898,
      0.46153846153846156,
      0.5192307692307692,
      0.6025641025641025,
      0.5961538461538463,
      0.3717948717948718,
      0.4358974358974359,
      0.6025641025641025,
      0.41025641025641024,
      0.5705128205128205
    ],
    "accuracy": [
      0.48,
      0.52,
      0.44,
      0.52,
      0.56,
      0.6,
      0.52,
      0.44,
      0.56,
      0.48,
      0.56
    ],
    "f1": [
      0.0,
      0.0,
      0.0,
      0.14285714285714285,
      0.15384615384615385,
      0.2857142857142857,
      0.0,
      0.0,
      0.15384615384615385,
      0.0,
      0.15384615384615385
    ]
  },
  "val": {
    "loss": [
      0.7165041168530782,
      0.7165051897366842,
      0.716505765914917,
      0.7165087858835856,
      0.7165106137593588,
      0.716505209604899,
      0.716500461101532,
      0.7165023485819498,
      0.7165031035741171,
      0.7165016929308573,
      0.7164991895357767
    ],
    "auc": [
      0.4285714285714286,
      0.4142857142857143,
      0.4,
      0.4,
      0.4,
      0.4,
      0.4,
      0.4,
      0.4,
      0.4,
      0.37142857142857144
    ],
    "accuracy": [
      0.5833333333333334,
      0.5833333333333334,
      0.5833333333333334,
      0.5833333333333334,
      0.5833333333333334,
      0.5833333333333334,
      0.5833333333333334,
      0.5833333333333334,
      0.5833333333333334,
      0.5833333333333334,
      0.5833333333333334
    ],
    "f1": [
      0.0,
      0.0,
      0.0,
      0.0,
      0.0,
      0.0,
      0.0,
      0.0,
      0.0,
      0.0,
      0.0
    ]
  }
}