{
  "train": {
    "loss": [
      0.46251094341278076,
      0.46190184851487476,
      0.461313858628273,
      0.46220030387242633,
      0.4616863926251729,
      0.46367204189300537,
      0.4626416365305583,
      0.46141310036182404,
      0.4617622196674347,
      0.4610629230737686,
      0.4632413734992345
    ],
    "auc": [
      0.46875,
      0.5546875,
      0.546875,
      0.4765625,
      0.515625,
      0.328125,
      0.4453125,
      0.5703125,
      0.4921875,
      0.59375,
      0.4375
    ],
    "accuracy": [
      0.4583333333333333,
      0.6666666666666666,
      0.5416666666666666,
      0.5833333333333334,
      0.5416666666666666,
      0.5,
      0.4583333333333333,
      0.5,
      0.5,
      0.6666666666666666,
      0.5
    ],
    "f1": [
      0.6060606060606061,
      0.7647058823529411,
      0.6451612903225806,
      0.7058823529411765,
      0.6666666666666666,
      0.625,
      0.5806451612903226,
      0.6,
      0.6666666666666666,
      0.7777777777777778,
      0.6470588235294118
    ]
  },
  "val": {
    "loss": [
      0.4915292263031006,
      0.49154428641001385,
      0.49155573050181073,
      0.4915641446908315,
      0.49157126744588214,
      0.4915773868560791,
      0.49158433079719543,
      0.49159032106399536,
      0.4915989438692729,
      0.4916083614031474,
      0.4916185736656189
    ],
    "auc": [
      0.5428571428571428,
      0.5428571428571428,
      0.5142857142857142,
      0.5142857142857142,
      0.5142857142857142,
      0.5142857142857142,
      0.5142857142857142,
      0.5142857142857142,
      0.5142857142857142,
      0.5142857142857142,
      0.48571428571428565
    ],
    "accuracy": [
      0.5833333333333334,
      0.5833333333333334,
      0.5833333333333334,
      0.5833333333333334,
      0.5833333333333334,
      0.5833333333333334,
      0.5833333333333334,
      0.5833333333333334,
      0.5833333333333334,
      0.5833333333333334,
      0.5833333333333334
    ],
    "f1": [
      0.7368421052631579,
      0.7368421052631579,
      0.7368421052631579,
      0.7368421052631579,
      0.7368421052631579,
      0.7368421052631579,
      0.7368421052631579,
      0.7368421052631579,
      0.7368421052631579,
      0.7368421052631579,
      0.7368421052631579
    ]
  }
}