{
  "train": {
    "loss": [
      0.8256254643201828,
      0.8220763355493546,
      0.8321275562047958,
      0.8454620614647865,
      0.8466306030750275,
      0.8365864902734756,
      0.8339884951710701,
      0.8218608349561691,
      0.8334222137928009,
      0.8352059870958328,
      0.8240654692053795,
      0.8240325972437859,
      0.8313334658741951,
      0.8314952775835991,
      0.8427856862545013,
      0.8318851590156555,
      0.846592366695404,
      0.822471134364605,
      0.8339237868785858,
      0.8241775557398796,
      0.8334324583411217,
      0.8208883628249168
    ],
    "auc": [
      0.32407407407407407,
      0.6435185185185186,
      0.6712962962962963,
      0.42129629629629634,
      0.3888888888888889,
      0.2546296296296296,
      0.48611111111111105,
      0.6064814814814815,
      0.5555555555555556,
      0.4305555555555556,
      0.38888888888888884,
      0.5046296296296297,
      0.6574074074074074,
      0.6851851851851852,
      0.625,
      0.6296296296296298,
      0.34259259259259256,
      0.6574074074074073,
      0.49074074074074076,
      0.4212962962962963,
      0.5324074074074074,
      0.6481481481481481
    ],
    "accuracy": [
      0.43333333333333335,
      0.6666666666666666,
      0.6,
      0.4,
      0.5333333333333333,
      0.26666666666666666,
      0.5333333333333333,
      0.6,
      0.6,
      0.36666666666666664,
      0.43333333333333335,
      0.43333333333333335,
      0.5666666666666667,
      0.6,
      0.43333333333333335,
      0.4666666666666667,
      0.4,
      0.5,
      0.4666666666666667,
      0.36666666666666664,
      0.3333333333333333,
      0.6
    ],
    "f1": [
      0.48484848484848486,
      0.6666666666666666,
      0.6666666666666666,
      0.4375,
      0.46153846153846156,
      0.3125,
      0.5333333333333333,
      0.6470588235294118,
      0.5714285714285714,
      0.42424242424242425,
      0.5405405405405406,
      0.5641025641025641,
      0.5517241379310345,
      0.6,
      0.5405405405405406,
      0.5294117647058824,
      0.5,
      0.5714285714285714,
      0.5294117647058824,
      0.3870967741935484,
      0.4117647058823529,
      0.5714285714285714
    ]
  },
  "val": {
    "loss": [
      0.8866671472787857,
      0.8866827636957169,
      0.8866864144802094,
      0.8866792470216751,
      0.8866723477840424,
      0.8866612017154694,
      0.8866474032402039,
      0.8866303116083145,
      0.8866231590509415,
      0.8866200596094131,
      0.8866160213947296,
      0.8866191506385803,
      0.8866197019815445,
      0.886609360575676,
      0.8865999430418015,
      0.8865868300199509,
      0.8865680396556854,
      0.8865565657615662,
      0.886552169919014,
      0.886551171541214,
      0.8865518569946289,
      0.8865502327680588
    ],
    "auc": [
      0.3888888888888889,
      0.3888888888888889,
      0.42592592592592593,
      0.42592592592592593,
      0.42592592592592593,
      0.42592592592592593,
      0.4444444444444445,
      0.4444444444444445,
      0.4444444444444445,
      0.4444444444444445,
      0.4444444444444445,
      0.4444444444444445,
      0.4444444444444445,
      0.4444444444444445,
      0.4444444444444445,
      0.4444444444444445,
      0.4444444444444445,
      0.4444444444444445,
      0.4444444444444445,
      0.4444444444444445,
      0.4444444444444445,
      0.4444444444444445
    ],
    "accuracy": [
      0.6,
      0.6,
      0.6,
      0.6,
      0.6,
      0.6,
      0.6,
      0.6,
      0.6,
      0.6,
      0.6,
      0.6,
      0.6,
      0.6,
      0.6,
      0.6,
      0.6,
      0.6,
      0.6,
      0.6,
      0.6,
      0.6
    ],
    "f1": [
      0.75,
      0.75,
      0.75,
      0.75,
      0.75,
      0.75,
      0.75,
      0.75,
      0.75,
      0.75,
      0.75,
      0.75,
      0.75,
      0.75,
      0.75,
      0.75,
      0.75,
      0.75,
      0.75,
      0.75,
      0.75,
      0.75
    ]
  }
}