{
  "train": {
    "loss": [
      0.6622570157051086,
      0.6683864423206874,
      0.6622010299137661,
      0.668157730783735,
      0.6688925964491708,
      0.6624697276524135,
      0.6691247480256217,
      0.6627697944641113,
      0.6618812680244446,
      0.6618662306240627,
      0.6617780498095921,
      0.6616597941943577,
      0.6626300471169608,
      0.6678424307278225,
      0.668969452381134,
      0.6687043820108686,
      0.6676858152662005,
      0.6632818749972752,
      0.6621418084417071,
      0.6622564366885594,
      0.6627609985215324,
      0.6617181471415928,
      0.6680960995810372,
      0.6679549132074628,
      0.6685615352221898,
      0.6686833330563137,
      0.6688967347145081,
      0.6613015787942069,
      0.6627848403794425,
      0.6683774420193264,
      0.6619978461946759,
      0.6689229437283107,
      0.6618824175425938,
      0.6632569687707084,
      0.6683202811649868,
      0.6613225255693708,
      0.6683763521058219,
      0.6686244436672756,
      0.6617014919008527,
      0.6676892553056989,
      0.6687979783330645,
      0.668707651751382
    ],
    "auc": [
      0.5641025641025641,
      0.6346153846153846,
      0.48717948717948717,
      0.6794871794871795,
      0.5,
      0.5641025641025641,
      0.41025641025641035,
      0.3205128205128205,
      0.42307692307692313,
      0.6346153846153846,
      0.5769230769230769,
      0.608974358974359,
      0.49358974358974356,
      0.6923076923076923,
      0.5576923076923077,
      0.48717948717948717,
      0.9102564102564104,
      0.2948717948717949,
      0.608974358974359,
      0.576923076923077,
      0.39743589743589747,
      0.5705128205128205,
      0.6346153846153847,
      0.7371794871794871,
      0.532051282051282,
      0.4871794871794872,
      0.48076923076923084,
      0.6858974358974359,
      0.40384615384615385,
      0.5384615384615385,
      0.5833333333333333,
      0.4423076923076923,
      0.6217948717948718,
      0.27564102564102566,
      0.6858974358974358,
      0.6346153846153846,
      0.7115384615384616,
      0.5192307692307692,
      0.6794871794871795,
      0.6858974358974359,
      0.4423076923076923,
      0.48076923076923084
    ],
    "accuracy": [
      0.48,
      0.52,
      0.52,
      0.48,
      0.56,
      0.52,
      0.44,
      0.44,
      0.56,
      0.6,
      0.48,
      0.56,
      0.52,
      0.48,
      0.52,
      0.44,
      0.52,
      0.48,
      0.64,
      0.52,
      0.48,
      0.52,
      0.6,
      0.64,
      0.52,
      0.48,
      0.44,
      0.6,
      0.6,
      0.56,
      0.56,
      0.48,
      0.56,
      0.4,
      0.52,
      0.44,
      0.52,
      0.44,
      0.6,
      0.52,
      0.48,
      0.44
    ],
    "f1": [
      0.6285714285714286,
      0.6842105263157895,
      0.6666666666666666,
      0.6486486486486487,
      0.6857142857142857,
      0.6470588235294118,
      0.5625,
      0.6111111111111112,
      0.7027027027027027,
      0.7058823529411765,
      0.6285714285714286,
      0.7027027027027027,
      0.6470588235294118,
      0.6060606060606061,
      0.6842105263157895,
      0.5882352941176471,
      0.6842105263157895,
      0.6285714285714286,
      0.7428571428571429,
      0.625,
      0.6486486486486487,
      0.6666666666666666,
      0.6875,
      0.7428571428571429,
      0.6470588235294118,
      0.6285714285714286,
      0.5882352941176471,
      0.7222222222222222,
      0.7222222222222222,
      0.7027027027027027,
      0.7027027027027027,
      0.6285714285714286,
      0.6857142857142857,
      0.5714285714285714,
      0.6470588235294118,
      0.5882352941176471,
      0.6666666666666666,
      0.6111111111111112,
      0.7058823529411765,
      0.6470588235294118,
      0.6486486486486487,
      0.6111111111111112
    ]
  },
  "val": {
    "loss": [
      0.6736880987882614,
      0.6736893802881241,
      0.6736825406551361,
      0.6736785024404526,
      0.6736742109060287,
      0.6736651510000229,
      0.6736579388380051,
      0.6736414283514023,
      0.6736308634281158,
      0.6736286878585815,
      0.673627033829689,
      0.6736270487308502,
      0.6736277043819427,
      0.6736308634281158,
      0.6736225336790085,
      0.673609122633934,
      0.6736039519309998,
      0.6735978722572327,
      0.6735968887805939,
      0.6735945641994476,
      0.6735921055078506,
      0.6735877096652985,
      0.6735896617174149,
      0.6735862344503403,
      0.6735795885324478,
      0.6735711395740509,
      0.6735654771327972,
      0.6735631376504898,
      0.673560619354248,
      0.6735618561506271,
      0.6735591441392899,
      0.6735565960407257,
      0.6735541224479675,
      0.6735481023788452,
      0.6735462844371796,
      0.6735473871231079,
      0.6735498011112213,
      0.6735439449548721,
      0.6735374182462692,
      0.6735371351242065,
      0.6735352575778961,
      0.6735288202762604
    ],
    "auc": [
      0.5238095238095238,
      0.5476190476190477,
      0.5476190476190477,
      0.5476190476190477,
      0.5714285714285714,
      0.5476190476190477,
      0.5476190476190477,
      0.5476190476190477,
      0.5952380952380953,
      0.5952380952380953,
      0.5952380952380953,
      0.5952380952380953,
      0.5952380952380953,
      0.5952380952380952,
      0.5952380952380952,
      0.5952380952380952,
      0.5952380952380952,
      0.619047619047619,
      0.619047619047619,
      0.619047619047619,
      0.619047619047619,
      0.619047619047619,
      0.619047619047619,
      0.619047619047619,
      0.6428571428571428,
      0.6428571428571428,
      0.6428571428571428,
      0.6428571428571428,
      0.6428571428571428,
      0.6428571428571428,
      0.6428571428571428,
      0.6666666666666667,
      0.6666666666666667,
      0.6666666666666667,
      0.6666666666666667,
      0.6666666666666667,
      0.6666666666666667,
      0.6666666666666667,
      0.6428571428571428,
      0.6428571428571428,
      0.6666666666666667,
      0.6428571428571428
    ],
    "accuracy": [
      0.46153846153846156,
      0.46153846153846156,
      0.46153846153846156,
      0.46153846153846156,
      0.46153846153846156,
      0.46153846153846156,
      0.46153846153846156,
      0.46153846153846156,
      0.46153846153846156,
      0.46153846153846156,
      0.46153846153846156,
      0.46153846153846156,
      0.46153846153846156,
      0.46153846153846156,
      0.46153846153846156,
      0.46153846153846156,
      0.46153846153846156,
      0.46153846153846156,
      0.46153846153846156,
      0.46153846153846156,
      0.46153846153846156,
      0.46153846153846156,
      0.46153846153846156,
      0.46153846153846156,
      0.46153846153846156,
      0.46153846153846156,
      0.46153846153846156,
      0.46153846153846156,
      0.46153846153846156,
      0.46153846153846156,
      0.46153846153846156,
      0.46153846153846156,
      0.46153846153846156,
      0.46153846153846156,
      0.46153846153846156,
      0.46153846153846156,
      0.46153846153846156,
      0.46153846153846156,
      0.46153846153846156,
      0.46153846153846156,
      0.46153846153846156,
      0.46153846153846156
    ],