{
  "train": {
    "loss": [
      0.6444055289030075,
      0.649571381509304,
      0.6459756270051003,
      0.6428170651197433,
      0.6482236459851265,
      0.6456428989768028,
      0.6433294862508774,
      0.6440049484372139,
      0.6521622240543365,
      0.6463362351059914,
      0.6458499878644943,
      0.642442375421524,
      0.6438732966780663,
      0.6458355337381363,
      0.6489509716629982,
      0.6465324983000755,
      0.6433158069849014,
      0.649400532245636,
      0.6457702070474625,
      0.6448928341269493,
      0.6431676894426346,
      0.6448914781212807,
      0.644203893840313
    ],
    "auc": [
      0.71875,
      0.3080357142857143,
      0.5535714285714286,
      0.6026785714285714,
      0.4419642857142857,
      0.7991071428571428,
      0.5446428571428572,
      0.4508928571428572,
      0.4419642857142857,
      0.29910714285714285,
      0.6294642857142856,
      0.5714285714285714,
      0.7008928571428572,
      0.6160714285714286,
      0.5982142857142857,
      0.7589285714285714,
      0.53125,
      0.29464285714285715,
      0.3928571428571429,
      0.42857142857142855,
      0.53125,
      0.6160714285714285,
      0.4017857142857143
    ],
    "accuracy": [
      0.6,
      0.43333333333333335,
      0.4666666666666667,
      0.5666666666666667,
      0.43333333333333335,
      0.6666666666666666,
      0.5666666666666667,
      0.5666666666666667,
      0.5333333333333333,
      0.4666666666666667,
      0.6333333333333333,
      0.6,
      0.6666666666666666,
      0.5333333333333333,
      0.5333333333333333,
      0.6,
      0.43333333333333335,
      0.4,
      0.4666666666666667,
      0.4,
      0.5,
      0.5666666666666667,
      0.4666666666666667
    ],
    "f1": [
      0.7142857142857143,
      0.5641025641025641,
      0.6190476190476191,
      0.6976744186046512,
      0.5641025641025641,
      0.75,
      0.6666666666666666,
      0.6976744186046512,
      0.6818181818181818,
      0.5789473684210527,
      0.717948717948718,
      0.7272727272727273,
      0.7222222222222222,
      0.65,
      0.65,
      0.7142857142857143,
      0.5853658536585366,
      0.5714285714285714,
      0.6,
      0.55,
      0.6341463414634146,
      0.6976744186046512,
      0.6
    ]
  },
  "val": {
    "loss": [
      0.6635110974311829,
      0.663518637418747,
      0.6635102778673172,
      0.6634939759969711,
      0.663475438952446,
      0.6635289043188095,
      0.6634877026081085,
      0.6635050773620605,
      0.6634746491909027,
      0.6633940488100052,
      0.6633530110120773,
      0.6633126437664032,
      0.663346454501152,
      0.663369283080101,
      0.6634300798177719,
      0.6634414941072464,
      0.6634016185998917,
      0.6633646786212921,
      0.6632264107465744,
      0.6631563305854797,
      0.6630998402833939,
      0.6630529463291168,
      0.6629890650510788
    ],
    "auc": [
      0.7037037037037037,
      0.7037037037037037,
      0.7407407407407407,
      0.7407407407407407,
      0.7407407407407407,
      0.7592592592592593,
      0.7777777777777778,
      0.8148148148148149,
      0.8148148148148149,
      0.7592592592592593,
      0.7777777777777778,
      0.7592592592592593,
      0.7407407407407408,
      0.7222222222222223,
      0.7407407407407408,
      0.7407407407407407,
      0.7222222222222222,
      0.7037037037037037,
      0.7407407407407408,
      0.7407407407407408,
      0.7407407407407408,
      0.7407407407407408,
      0.7407407407407408
    ],
    "accuracy": [
      0.4,
      0.4,
      0.4,
      0.4,
      0.4,
      0.4,
      0.4,
      0.4,
      0.4,
      0.4,
      0.4,
      0.4,
      0.4,
      0.4,
      0.4,
      0.4,
      0.4,
      0.4,
      0.4,
      0.4,
      0.4,
      0.4,
      0.4
    ],
    "f1": [
      0.5714285714285714,
      0.5714285714285714,
      0.5714285714285714,
      0.5714285714285714,
      0.5714285714285714,
      0.5714285714285714,
      0.5714285714285714,
      0.5714285714285714,
      0.5714285714285714,
      0.5714285714285714,
      0.5714285714285714,
      0.5714285714285714,
      0.5714285714285714,
      0.5714285714285714,
      0.5714285714285714,
      0.5714285714285714,
      0.5714285714285714,
      0.5714285714285714,
      0.5714285714285714,
      0.5714285714285714,
      0.5714285714285714,
      0.5714285714285714,
      0.5714285714285714
    ]
  }
}