{
  "train": {
    "loss": [
      0.5765445431073507,
      0.5796714623769125,
      0.5783150394757589,
      0.5731447339057922,
      0.5799147685368856,
      0.5746936003367106,
      0.5770832300186157,
      0.5775559345881144,
      0.5781829754511515,
      0.575849692026774,
      0.5763331651687622
    ],
    "auc": [
      0.7142857142857143,
      0.3142857142857143,
      0.4571428571428572,
      0.8571428571428572,
      0.3428571428571428,
      0.7714285714285715,
      0.6285714285714286,
      0.4571428571428571,
      0.4285714285714285,
      0.657142857142857,
      0.6
    ],
    "accuracy": [
      0.6666666666666666,
      0.4166666666666667,
      0.5,
      0.8333333333333334,
      0.3333333333333333,
      0.5833333333333334,
      0.5,
      0.5,
      0.5,
      0.75,
      0.6666666666666666
    ],
    "f1": [
      0.7777777777777778,
      0.5882352941176471,
      0.6666666666666666,
      0.8571428571428571,
      0.42857142857142855,
      0.7058823529411765,
      0.6666666666666666,
      0.625,
      0.6666666666666666,
      0.8,
      0.75
    ]
  },
  "val": {
    "loss": [
      0.6210845112800598,
      0.6210824847221375,
      0.6210835874080658,
      0.621080607175827,
      0.6210760772228241,
      0.6210726797580719,
      0.6210696697235107,
      0.6210662424564362,
      0.6210657060146332,
      0.621056318283081,
      0.621049165725708
    ],
    "auc": [
      0.5555555555555556,
      0.5555555555555556,
      0.5555555555555556,
      0.5555555555555556,
      0.5555555555555556,
      0.5555555555555556,
      0.5555555555555556,
      0.5555555555555556,
      0.5555555555555556,
      0.5555555555555556,
      0.5555555555555556
    ],
    "accuracy": [
      0.5,
      0.5,
      0.5,
      0.5,
      0.5,
      0.5,
      0.5,
      0.5,
      0.5,
      0.5,
      0.5
    ],
    "f1": [
      0.6666666666666666,
      0.6666666666666666,
      0.6666666666666666,
      0.6666666666666666,
      0.6666666666666666,
      0.6666666666666666,
      0.6666666666666666,
      0.6666666666666666,
      0.6666666666666666,
      0.6666666666666666,
      0.6666666666666666
    ]
  }
}