{
  "train": {
    "loss": [
      0.6443362236022949,
      0.6483720391988754,
      0.6482092961668968,
      0.646875374019146,
      0.6450980380177498,
      0.6480178609490395,
      0.6452937126159668,
      0.6452750861644745,
      0.6478365734219551,
      0.6479774117469788,
      0.6490856558084488,
      0.6479729115962982,
      0.6450046673417091,
      0.6471762657165527,
      0.6473283991217613,
      0.6441913098096848,
      0.6482196524739265,
      0.6462398618459702,
      0.6457851156592369,
      0.6461861357092857,
      0.6464258283376694,
      0.6481556221842766,
      0.6447335109114647,
      0.6460460126399994,
      0.6442701071500778,
      0.6441388800740242,
      0.6507313624024391,
      0.6470454186201096,
      0.6467512026429176,
      0.6438097581267357,
      0.6473729833960533,
      0.6480983346700668,
      0.6466507688164711,
      0.6470551490783691,
      0.6470414102077484,
      0.6479106917977333
    ],
    "auc": [
      0.5401785714285714,
      0.3705357142857143,
      0.4642857142857143,
      0.41517857142857145,
      0.6651785714285714,
      0.6026785714285714,
      0.6696428571428572,
      0.6607142857142857,
      0.4151785714285715,
      0.45982142857142855,
      0.4955357142857143,
      0.40625,
      0.46428571428571425,
      0.5200892857142858,
      0.5223214285714286,
      0.6294642857142857,
      0.40625,
      0.4196428571428572,
      0.6428571428571428,
      0.5758928571428572,
      0.4464285714285715,
      0.42857142857142855,
      0.6473214285714286,
      0.40625000000000006,
      0.5714285714285714,
      0.5848214285714286,
      0.3616071428571429,
      0.4598214285714286,
      0.5491071428571428,
      0.5982142857142858,
      0.6294642857142857,
      0.5803571428571429,
      0.5848214285714286,
      0.5669642857142857,
      0.4955357142857143,
      0.4732142857142857
    ],
    "accuracy": [
      0.43333333333333335,
      0.4,
      0.4666666666666667,
      0.43333333333333335,
      0.5333333333333333,
      0.4666666666666667,
      0.5,
      0.4666666666666667,
      0.4666666666666667,
      0.43333333333333335,
      0.4666666666666667,
      0.43333333333333335,
      0.5,
      0.4666666666666667,
      0.4666666666666667,
      0.4666666666666667,
      0.4666666666666667,
      0.43333333333333335,
      0.4666666666666667,
      0.43333333333333335,
      0.4666666666666667,
      0.4666666666666667,
      0.4666666666666667,
      0.4666666666666667,
      0.5333333333333333,
      0.4666666666666667,
      0.4666666666666667,
      0.4666666666666667,
      0.4666666666666667,
      0.4666666666666667,
      0.4666666666666667,
      0.5,
      0.4666666666666667,
      0.43333333333333335,
      0.5,
      0.43333333333333335
    ],
    "f1": [
      0.0,
      0.0,
      0.0,
      0.0,
      0.2222222222222222,
      0.0,
      0.11764705882352941,
      0.0,
      0.1111111111111111,
      0.0,
      0.0,
      0.0,
      0.11764705882352941,
      0.0,
      0.0,
      0.0,
      0.0,
      0.0,
      0.1111111111111111,
      0.0,
      0.0,
      0.0,
      0.0,
      0.0,
      0.2222222222222222,
      0.0,
      0.0,
      0.0,
      0.1111111111111111,
      0.1111111111111111,
      0.0,
      0.11764705882352941,
      0.1111111111111111,
      0.0,
      0.11764705882352941,
      0.0
    ]
  },
  "val": {
    "loss": [
      0.6567582190036774,
      0.6567617654800415,
      0.6567607671022415,
      0.6567584574222565,
      0.6567501872777939,
      0.6567465662956238,
      0.6567343771457672,
      0.6567234843969345,
      0.6567204296588898,
      0.6567145735025406,
      0.6567197144031525,
      0.6567186415195465,
      0.6567152291536331,
      0.6567150354385376,
      0.656716912984848,
      0.656716912984848,
      0.656720444560051,
      0.6567228734493256,
      0.6567244827747345,
      0.6567239910364151,
      0.6567313224077225,
      0.6567426919937134,
      0.6567467749118805,
      0.656744509935379,
      0.6567477136850357,
      0.6567512452602386,
      0.656756579875946,
      0.656757116317749,
      0.6567602306604385,
      0.6567510664463043,
      0.6567496806383133,
      0.6567357331514359,
      0.656729057431221,
      0.6567270308732986,
      0.6567235589027405,
      0.6567264646291733
    ],
    "auc": [
      0.42592592592592593,
      0.42592592592592593,
      0.4444444444444445,
      0.462962962962963,
      0.4814814814814815,
      0.4814814814814815,
      0.4814814814814815,
      0.4814814814814815,
      0.4814814814814815,
      0.4814814814814815,
      0.4814814814814815,
      0.4814814814814815,
      0.5,
      0.5185185185185186,
      0.5,
      0.5,
      0.5185185185185185,
      0.5185185185185185,
      0.5185185185185185,
      0.5185185185185185,
      0.537037037037037,
      0.537037037037037,
      0.537037037037037,
      0.5185185185185185,
      0.5370370370370371,
      0.5370370370370371,
      0.5370370370370371,
      0.5370370370370371,
      0.5370370370370371,
      0.5370370370370371,
      0.5370370370370371,
      0.5370370370370371,
      0.5370370370370371,
      0.5370370370370371,
      0.5370370370370371,
      0.5370370370370371
    ],
    "accuracy": [
      0.6,
      0.6,
      0.6,
      0.6,
      0.6,
      0.6,
      0.6,
      0.6,
      0.6,
      0.6,
      0.6,
      0.6,
      0.6,
      0.6,
      0.6,
      0.6,
      0.6,
      0.6,
      0.6,
      0.6,
      0.6,
      0.6,
      0.6,
      0.6,
      0.6,
      0.6,
      0.6,
      0.6,
      0.6,
      0.6,
      0.6,
      0.6,
      0.6,
      0.6,
      0.6,
      0.6
    ],
    "f1": [
      0.0,
      0.0,
      0.0,
      0.0,
      0.0,
      0.0,
      0.0,
      0.0,
      0.0,
      0.0,
      0.0,
      0.0,
      0.0,
      0.0,
      0.0,
      0.0,
      0.0,
      0.0,
      0.0,
      0.0,
      0.0,
      0.0,
      0.0,
      0.0,
      0.0,
      0.0,
      0.0,
      0.0,
      0.0,
      0.0,
      0.0,
      0.0,
      0.0,
      0.0,
      0.0,
      0.0
    ]
  }
}