{
  "train": {
    "loss": [
      0.6392174618584769,
      0.6392128552709307,
      0.6376841238566807,
      0.6419935992785862,
      0.6393360580716815,
      0.6344353982380458,
      0.637125483580998,
      0.6357308115277972,
      0.6419446212904794,
      0.6403423462595258,
      0.6380623579025269
    ],
    "auc": [
      0.5357142857142857,
      0.5952380952380953,
      0.6488095238095237,
      0.30952380952380953,
      0.6011904761904762,
      0.6964285714285714,
      0.6726190476190477,
      0.6011904761904762,
      0.36904761904761907,
      0.5297619047619048,
      0.6607142857142858
    ],
    "accuracy": [
      0.5384615384615384,
      0.6153846153846154,
      0.6538461538461539,
      0.5,
      0.5384615384615384,
      0.6923076923076923,
      0.7307692307692307,
      0.5769230769230769,
      0.5769230769230769,
      0.6153846153846154,
      0.5384615384615384
    ],
    "f1": [
      0.6470588235294118,
      0.7058823529411765,
      0.7272727272727273,
      0.6285714285714286,
      0.6666666666666666,
      0.7647058823529411,
      0.7878787878787878,
      0.6666666666666666,
      0.6666666666666666,
      0.7058823529411765,
      0.625
    ]
  },
  "val": {
    "loss": [
      0.6648091375827789,
      0.6648024320602417,
      0.6648049056529999,
      0.6648081392049789,
      0.6648135483264923,
      0.6648172587156296,
      0.6648333817720413,
      0.6648542284965515,
      0.664860188961029,
      0.6648628115653992,
      0.6648618876934052
    ],
    "auc": [
      0.525,
      0.525,
      0.525,
      0.525,
      0.5,
      0.5,
      0.5,
      0.475,
      0.475,
      0.475,
      0.475
    ],
    "accuracy": [
      0.38461538461538464,
      0.38461538461538464,
      0.38461538461538464,
      0.38461538461538464,
      0.38461538461538464,
      0.38461538461538464,
      0.38461538461538464,
      0.38461538461538464,
      0.38461538461538464,
      0.38461538461538464,
      0.38461538461538464
    ],
    "f1": [
      0.5555555555555556,
      0.5555555555555556,
      0.5555555555555556,
      0.5555555555555556,
      0.5555555555555556,
      0.5555555555555556,
      0.5555555555555556,
      0.5555555555555556,
      0.5555555555555556,
      0.5555555555555556,
      0.5555555555555556
    ]
  }
}