{
  "train": {
    "loss": [
      0.6407156075750079,
      0.6383890594754901,
      0.6356713431222099,
      0.6376808285713196,
      0.6369335566248212,
      0.6414945295878819,
      0.6409899081502642,
      0.6466938853263855,
      0.6410107101712909,
      0.6371491040502276,
      0.6363610710416522,
      0.6458157130650112,
      0.6400478056498936,
      0.6381730352129255,
      0.6459209067480904,
      0.6367682474000114,
      0.6443539261817932,
      0.6440652097974505
    ],
    "auc": [
      0.43452380952380953,
      0.32738095238095233,
      0.5833333333333333,
      0.39880952380952384,
      0.47023809523809523,
      0.38095238095238093,
      0.4642857142857143,
      0.34523809523809523,
      0.3869047619047619,
      0.4464285714285714,
      0.47619047619047616,
      0.2976190476190476,
      0.5,
      0.32738095238095233,
      0.363095238095238,
      0.488095238095238,
      0.5,
      0.5178571428571428
    ],
    "accuracy": [
      0.46153846153846156,
      0.4230769230769231,
      0.5,
      0.46153846153846156,
      0.5,
      0.5384615384615384,
      0.46153846153846156,
      0.38461538461538464,
      0.46153846153846156,
      0.5,
      0.5,
      0.34615384615384615,
      0.6153846153846154,
      0.4230769230769231,
      0.46153846153846156,
      0.5384615384615384,
      0.5384615384615384,
      0.5384615384615384
    ],
    "f1": [
      0.5625,
      0.5945945945945946,
      0.6285714285714286,
      0.5625,
      0.6285714285714286,
      0.6666666666666666,
      0.5882352941176471,
      0.5294117647058824,
      0.5333333333333333,
      0.6486486486486487,
      0.5517241379310345,
      0.48484848484848486,
      0.7058823529411765,
      0.5161290322580645,
      0.5882352941176471,
      0.6470588235294118,
      0.6666666666666666,
      0.6470588235294118
    ]
  },
  "val": {
    "loss": [
      0.6444814403851827,
      0.6444836457570394,
      0.6444844206174215,
      0.6444768706957499,
      0.6444696386655172,
      0.6444604198137919,
      0.644454816977183,
      0.6444505651791891,
      0.6444422205289205,
      0.6444361011187235,
      0.6444344520568848,
      0.6444287697474161,
      0.6444269220034281,
      0.6444245179494222,
      0.644424319267273,
      0.6444198886553446,
      0.644417921702067,
      0.6444128155708313
    ],
    "auc": [
      0.2222222222222222,
      0.2222222222222222,
      0.2222222222222222,
      0.2222222222222222,
      0.2222222222222222,
      0.2222222222222222,
      0.2222222222222222,
      0.24999999999999997,
      0.24999999999999997,
      0.24999999999999997,
      0.24999999999999997,
      0.24999999999999997,
      0.24999999999999997,
      0.24999999999999997,
      0.24999999999999997,
      0.24999999999999997,
      0.24999999999999997,
      0.24999999999999997
    ],
    "accuracy": [
      0.5,
      0.5,
      0.5,
      0.5,
      0.5,
      0.5,
      0.5,
      0.5,
      0.5,
      0.5,
      0.5,
      0.5,
      0.5,
      0.5,
      0.5,
      0.5,
      0.5,
      0.5
    ],
    "f1": [
      0.6666666666666666,
      0.6666666666666666,
      0.6666666666666666,
      0.6666666666666666,
      0.6666666666666666,
      0.6666666666666666,
      0.6666666666666666,
      0.6666666666666666,
      0.6666666666666666,
      0.6666666666666666,
      0.6666666666666666,
      0.6666666666666666,
      0.6666666666666666,
      0.6666666666666666,
      0.6666666666666666,
      0.6666666666666666,
      0.6666666666666666,
      0.6666666666666666
    ]
  }
}