{
  "train": {
    "loss": [
      0.7464129839624677,
      0.7489533254078456,
      0.7480624062674386,
      0.7511198180062431,
      0.7476332698549543,
      0.7457636254174369,
      0.7456168362072536,
      0.7419997453689575,
      0.7491737178393773,
      0.7500304239136832,
      0.7534979326384408,
      0.7450328298977443
    ],
    "auc": [
      0.25,
      0.6547619047619048,
      0.6547619047619048,
      0.36309523809523814,
      0.39880952380952384,
      0.6785714285714286,
      0.5357142857142857,
      0.7261904761904763,
      0.3095238095238095,
      0.5595238095238095,
      0.24404761904761904,
      0.6369047619047619
    ],
    "accuracy": [
      0.46153846153846156,
      0.46153846153846156,
      0.46153846153846156,
      0.46153846153846156,
      0.4230769230769231,
      0.46153846153846156,
      0.46153846153846156,
      0.46153846153846156,
      0.46153846153846156,
      0.46153846153846156,
      0.46153846153846156,
      0.46153846153846156
    ],
    "f1": [
      0.631578947368421,
      0.631578947368421,
      0.631578947368421,
      0.631578947368421,
      0.5945945945945946,
      0.631578947368421,
      0.631578947368421,
      0.631578947368421,
      0.631578947368421,
      0.631578947368421,
      0.631578947368421,
      0.631578947368421
    ]
  },
  "val": {
    "loss": [
      0.7386528253555298,
      0.7386482208967209,
      0.738650843501091,
      0.7386462390422821,
      0.7386449128389359,
      0.7386481463909149,
      0.7386597841978073,
      0.7386705875396729,
      0.7386668920516968,
      0.7386689484119415,
      0.738669753074646,
      0.7386747896671295
    ],
    "auc": [
      0.35714285714285715,
      0.38095238095238093,
      0.38095238095238093,
      0.38095238095238093,
      0.38095238095238093,
      0.38095238095238093,
      0.38095238095238093,
      0.33333333333333337,
      0.33333333333333337,
      0.30952380952380953,
      0.30952380952380953,
      0.30952380952380953
    ],
    "accuracy": [
      0.46153846153846156,
      0.46153846153846156,
      0.46153846153846156,
      0.46153846153846156,
      0.46153846153846156,
      0.46153846153846156,
      0.46153846153846156,
      0.46153846153846156,
      0.46153846153846156,
      0.46153846153846156,
      0.46153846153846156,
      0.46153846153846156
    ],
    "f1": [
      0.631578947368421,
      0.631578947368421,
      0.631578947368421,
      0.631578947368421,
      0.631578947368421,
      0.631578947368421,
      0.631578947368421,
      0.631578947368421,
      0.631578947368421,
      0.631578947368421,
      0.631578947368421,
      0.631578947368421
    ]
  }
}