{
  "train": {
    "loss": [
      0.7517685691515604,
      0.7521589597066244,
      0.749048262834549,
      0.7523496548334757,
      0.7512128551801046,
      0.7495477000872294,
      0.7517880300680796,
      0.7492684821287791,
      0.7502986490726471,
      0.7502503196398417,
      0.7512703041235606
    ],
    "auc": [
      0.4125874125874126,
      0.40559440559440557,
      0.5664335664335665,
      0.3776223776223776,
      0.5034965034965034,
      0.6363636363636365,
      0.39160839160839156,
      0.6083916083916083,
      0.5594405594405594,
      0.49650349650349646,
      0.4755244755244755
    ],
    "accuracy": [
      0.4166666666666667,
      0.4166666666666667,
      0.4583333333333333,
      0.4583333333333333,
      0.4166666666666667,
      0.375,
      0.4166666666666667,
      0.5833333333333334,
      0.5,
      0.5416666666666666,
      0.4166666666666667
    ],
    "f1": [
      0.5625,
      0.5625,
      0.6285714285714286,
      0.5517241379310345,
      0.5882352941176471,
      0.5454545454545454,
      0.5625,
      0.6666666666666666,
      0.625,
      0.6206896551724138,
      0.5
    ]
  },
  "val": {
    "loss": [
      0.765387495358785,
      0.7654007871945699,
      0.765404224395752,
      0.7654072642326355,
      0.7654111584027609,
      0.7654160658518473,
      0.7654241919517517,
      0.7654302914937338,
      0.7654353578885397,
      0.7654419541358948,
      0.7654494245847067
    ],
    "auc": [
      0.3428571428571428,
      0.3142857142857143,
      0.3142857142857143,
      0.3142857142857143,
      0.3142857142857143,
      0.3428571428571428,
      0.3428571428571428,
      0.3428571428571428,
      0.3428571428571428,
      0.3428571428571428,
      0.3428571428571428
    ],
    "accuracy": [
      0.5833333333333334,
      0.5833333333333334,
      0.5833333333333334,
      0.5833333333333334,
      0.5833333333333334,
      0.5833333333333334,
      0.5833333333333334,
      0.5833333333333334,
      0.5833333333333334,
      0.5833333333333334,
      0.5833333333333334
    ],
    "f1": [
      0.7368421052631579,
      0.7368421052631579,
      0.7368421052631579,
      0.7368421052631579,
      0.7368421052631579,
      0.7368421052631579,
      0.7368421052631579,
      0.7368421052631579,
      0.7368421052631579,
      0.7368421052631579,
      0.7368421052631579
    ]
  }
}