{
  "train": {
    "loss": [
      0.7405983347159165,
      0.7388826448183793,
      0.7436702251434326,
      0.7414068992321308,
      0.7408835108463581,
      0.7430409605686481,
      0.7392375927705032,
      0.7435374626746545,
      0.7403892622544215,
      0.7435753895686223,
      0.7429074667967283,
      0.7436535656452179,
      0.740290091587947,
      0.7407157581586105,
      0.7387622961631188,
      0.7426917713422042
    ],
    "auc": [
      0.4743892828999212,
      0.5626477541371159,
      0.45114263199369586,
      0.4078014184397163,
      0.5594956658786445,
      0.5137903861308117,
      0.5421591804570528,
      0.4361702127659574,
      0.48778565799842394,
      0.42159180457052803,
      0.4712371946414499,
      0.46650906225374306,
      0.5078802206461781,
      0.4728132387706856,
      0.5472813238770686,
      0.5003940110323088
    ],
    "accuracy": [
      0.46534653465346537,
      0.48514851485148514,
      0.43564356435643564,
      0.44554455445544555,
      0.49504950495049505,
      0.49504950495049505,
      0.5445544554455446,
      0.45544554455445546,
      0.44554455445544555,
      0.44554455445544555,
      0.46534653465346537,
      0.45544554455445546,
      0.49504950495049505,
      0.48514851485148514,
      0.48514851485148514,
      0.504950495049505
    ],
    "f1": [
      0.5846153846153846,
      0.6119402985074627,
      0.5777777777777777,
      0.5882352941176471,
      0.6046511627906976,
      0.592,
      0.6229508196721312,
      0.5669291338582677,
      0.5625,
      0.5757575757575758,
      0.5909090909090909,
      0.5528455284552846,
      0.5853658536585366,
      0.5666666666666667,
      0.6060606060606061,
      0.5967741935483871
    ]
  },
  "val": {
    "loss": [
      0.7504526330874517,
      0.7504831231557406,
      0.7505005322969877,
      0.7505034024898822,
      0.7505315542221069,
      0.7505386425898626,
      0.7505427598953247,
      0.7505322557229263,
      0.7505137691131005,
      0.7505316413365878,
      0.7505452999701867,
      0.7505463499289292,
      0.750526854625115,
      0.7505270471939673,
      0.7505425902513357,
      0.7505368223557105
    ],
    "auc": [
      0.5155993431855501,
      0.5172413793103449,
      0.5188834154351396,
      0.5205254515599343,
      0.5188834154351396,
      0.5221674876847291,
      0.5188834154351396,
      0.5155993431855501,
      0.5188834154351396,
      0.5106732348111659,
      0.5139573070607554,
      0.5155993431855501,
      0.5155993431855501,
      0.5155993431855501,
      0.5155993431855501,
      0.5106732348111658
    ],
    "accuracy": [
      0.58,
      0.58,
      0.58,
      0.58,
      0.58,
      0.58,
      0.58,
      0.58,
      0.58,
      0.58,
      0.58,
      0.58,
      0.58,
      0.58,
      0.58,
      0.58
    ],
    "f1": [
      0.7341772151898734,
      0.7341772151898734,
      0.7341772151898734,
      0.7341772151898734,
      0.7341772151898734,
      0.7341772151898734,
      0.7341772151898734,
      0.7341772151898734,
      0.7341772151898734,
      0.7341772151898734,
      0.7341772151898734,
      0.7341772151898734,
      0.7341772151898734,
      0.7341772151898734,
      0.7341772151898734,
      0.7341772151898734
    ]
  }
}