{
  "train": {
    "loss": [
      0.6936602166720799,
      0.6919633831296649,
      0.6917321852275303,
      0.6944817219461713,
      0.6908119150570461,
      0.6922177672386169,
      0.6925232495580401,
      0.6911985448428563,
      0.6913990037781852,
      0.6906822408948626,
      0.6956877027239118,
      0.6936045714787075,
      0.6931196110589164,
      0.6924954397337777,
      0.6942861591066632,
      0.6914303387914386
    ],
    "auc": [
      0.42603550295857995,
      0.5680473372781065,
      0.5266272189349113,
      0.36094674556213013,
      0.6745562130177515,
      0.5207100591715976,
      0.5384615384615384,
      0.7278106508875739,
      0.6153846153846154,
      0.5857988165680472,
      0.27218934911242604,
      0.4733727810650888,
      0.43786982248520706,
      0.5502958579881656,
      0.4674556213017752,
      0.6153846153846154
    ],
    "accuracy": [
      0.46153846153846156,
      0.5384615384615384,
      0.4230769230769231,
      0.46153846153846156,
      0.6538461538461539,
      0.5769230769230769,
      0.4230769230769231,
      0.6538461538461539,
      0.5769230769230769,
      0.5769230769230769,
      0.3076923076923077,
      0.38461538461538464,
      0.5,
      0.46153846153846156,
      0.5,
      0.5769230769230769
    ],
    "f1": [
      0.5333333333333333,
      0.6470588235294118,
      0.5454545454545454,
      0.5625,
      0.7428571428571429,
      0.6857142857142857,
      0.5945945945945946,
      0.7272727272727273,
      0.6666666666666666,
      0.6857142857142857,
      0.4375,
      0.5,
      0.6060606060606061,
      0.5625,
      0.5806451612903226,
      0.6857142857142857
    ]
  },
  "val": {
    "loss": [
      0.6934112161397934,
      0.6934130191802979,
      0.6934124380350113,
      0.6934086084365845,
      0.6934086829423904,
      0.6934061944484711,
      0.6934091746807098,
      0.6934140473604202,
      0.6934140622615814,
      0.6934138387441635,
      0.6934126764535904,
      0.693414106965065,
      0.6934171169996262,
      0.6934253424406052,
      0.6934281289577484,
      0.6934311389923096
    ],
    "auc": [
      0.45000000000000007,
      0.45000000000000007,
      0.47500000000000003,
      0.47500000000000003,
      0.47500000000000003,
      0.5,
      0.5,
      0.47500000000000003,
      0.5,
      0.5,
      0.5,
      0.5,
      0.5,
      0.47500000000000003,
      0.47500000000000003,
      0.47500000000000003
    ],
    "accuracy": [
      0.6153846153846154,
      0.6153846153846154,
      0.6153846153846154,
      0.6153846153846154,
      0.6153846153846154,
      0.6153846153846154,
      0.6153846153846154,
      0.6153846153846154,
      0.6153846153846154,
      0.6153846153846154,
      0.6153846153846154,
      0.6153846153846154,
      0.6153846153846154,
      0.6153846153846154,
      0.6153846153846154,
      0.6153846153846154
    ],
    "f1": [
      0.7619047619047619,
      0.7619047619047619,
      0.7619047619047619,
      0.7619047619047619,
      0.7619047619047619,
      0.7619047619047619,
      0.7619047619047619,
      0.7619047619047619,
      0.7619047619047619,
      0.7619047619047619,
      0.7619047619047619,
      0.7619047619047619,
      0.7619047619047619,
      0.7619047619047619,
      0.7619047619047619,
      0.7619047619047619
    ]
  }
}