{
  "train": {
    "loss": [
      0.6380353059087481,
      0.6392333848135812,
      0.6437762294496808,
      0.6402362925665719,
      0.6424020188195365,
      0.6365955727440971,
      0.6365833537919181,
      0.6394390378679548,
      0.6415209344455174,
      0.6396839022636414,
      0.639969025339399,
      0.6423263890402657,
      0.6370347823415484,
      0.6363201907702855,
      0.6377476709229606,
      0.6375500900404794,
      0.6434532829693386,
      0.6362990736961365,
      0.6407692517553057,
      0.6394671201705933,
      0.6356719306537083,
      0.639253386429378,
      0.6407561642783028,
      0.6396099925041199,
      0.6413206628390721,
      0.6394621729850769,
      0.639903724193573,
      0.6410430840083531,
      0.6384832859039307,
      0.6427947453090123,
      0.6404123561722892,
      0.636975816317967,
      0.6388631633349827,
      0.6416674596922738,
      0.6408763783318656,
      0.6403733151299613,
      0.6430843472480774,
      0.6366955212184361,
      0.640562721661159,
      0.6395673666681562,
      0.6368769833019802,
      0.6390898483140128,
      0.637600839138031,
      0.6413822174072266
    ],
    "auc": [
      0.35714285714285715,
      0.5119047619047619,
      0.5178571428571429,
      0.4821428571428571,
      0.6309523809523809,
      0.5654761904761905,
      0.494047619047619,
      0.5535714285714286,
      0.22619047619047622,
      0.5892857142857142,
      0.5535714285714286,
      0.6904761904761905,
      0.38690476190476186,
      0.5654761904761905,
      0.34523809523809523,
      0.40476190476190477,
      0.375,
      0.5535714285714286,
      0.4464285714285715,
      0.5535714285714285,
      0.6666666666666667,
      0.5952380952380952,
      0.4226190476190476,
      0.6428571428571428,
      0.2857142857142857,
      0.5892857142857143,
      0.5654761904761905,
      0.3511904761904762,
      0.7738095238095237,
      0.636904761904762,
      0.45238095238095233,
      0.47023809523809523,
      0.613095238095238,
      0.6785714285714285,
      0.41666666666666663,
      0.4583333333333333,
      0.5535714285714286,
      0.5416666666666667,
      0.41666666666666663,
      0.625,
      0.45238095238095244,
      0.6607142857142858,
      0.7976190476190477,
      0.2857142857142857
    ],
    "accuracy": [
      0.3076923076923077,
      0.5,
      0.5,
      0.5,
      0.6153846153846154,
      0.38461538461538464,
      0.38461538461538464,
      0.5769230769230769,
      0.4230769230769231,
      0.5384615384615384,
      0.5,
      0.6538461538461539,
      0.38461538461538464,
      0.6153846153846154,
      0.38461538461538464,
      0.4230769230769231,
      0.4230769230769231,
      0.38461538461538464,
      0.4230769230769231,
      0.46153846153846156,
      0.5769230769230769,
      0.5,
      0.4230769230769231,
      0.5384615384615384,
      0.34615384615384615,
      0.46153846153846156,
      0.6153846153846154,
      0.38461538461538464,
      0.6538461538461539,
      0.6923076923076923,
      0.38461538461538464,
      0.6153846153846154,
      0.4230769230769231,
      0.5384615384615384,
      0.5,
      0.5769230769230769,
      0.46153846153846156,
      0.5,
      0.46153846153846156,
      0.46153846153846156,
      0.4230769230769231,
      0.5,
      0.6923076923076923,
      0.34615384615384615
    ],
    "f1": [
      0.0,
      0.38095238095238093,
      0.43478260869565216,
      0.3157894736842105,
      0.4444444444444444,
      0.1111111111111111,
      0.2,
      0.5217391304347826,
      0.21052631578947367,
      0.5384615384615384,
      0.48,
      0.5714285714285714,
      0.2727272727272727,
      0.5833333333333334,
      0.2,
      0.11764705882352941,
      0.11764705882352941,
      0.1111111111111111,
      0.21052631578947367,
      0.3,
      0.47619047619047616,
      0.43478260869565216,
      0.2857142857142857,
      0.4,
      0.32,
      0.2222222222222222,
      0.5,
      0.2727272727272727,
      0.5714285714285714,
      0.6363636363636364,
      0.2,
      0.5454545454545454,
      0.2857142857142857,
      0.45454545454545453,
      0.43478260869565216,
      0.47619047619047616,
      0.3,
      0.3157894736842105,
      0.3,
      0.3,
      0.21052631578947367,
      0.43478260869565216,
      0.6666666666666666,
      0.19047619047619047
    ]
  },
  "val": {
    "loss": [
      0.6611813306808472,
      0.6611632406711578,
      0.6611636728048325,
      0.6611616164445877,
      0.6611583679914474,
      0.6611530035734177,
      0.6611486226320267,
      0.6611477881669998,
      0.6611466258764267,
      0.661139190196991,
      0.6611346155405045,
      0.6611316353082657,
      0.6611265689134598,
      0.6611184775829315,
      0.6611194610595703,
      0.6611178070306778,
      0.6611191928386688,
      0.661111980676651,
      0.6611110717058182,
      0.6611062437295914,
      0.6610988527536392,
      0.6610970497131348,
      0.661094605922699,
      0.6610953062772751,
      0.661091610789299,
      0.6610909402370453,
      0.6610857993364334,
      0.6610853523015976,
      0.6610778123140335,
      0.66107177734375,
      0.6610632836818695,
      0.6610558480024338,
      0.6610541343688965,
      0.661046713590622,
      0.6610339134931564,
      0.6610250771045685,
      0.6610142439603806,
      0.6610021144151688,
      0.6609974950551987,
      0.6609907001256943,
      0.6609861999750137,
      0.6609808206558228,
      0.6609750688076019,
      0.6609726399183273
    ],
    "auc": [
      0.35,
      0.375,
      0.375,
      0.375,
      0.375,
      0.375,
      0.375,
      0.375,
      0.375,
      0.4,
      0.4,
      0.4,
      0.4,
      0.4,
      0.4,
      0.4,
      0.4,
      0.4,
      0.425,
      0.425,
      0.425,
      0.425,
      0.425,
      0.425,
      0.45,
      0.45,
      0.45,
      0.45,
      0.45,
      0.45,
      0.45,
      0.45,
      0.45,
      0.475,
      0.475,
      0.475,
      0.475,
      0.475,
      0.44999999999999996,
      0.4750000000000001,
      0.4750000000000001,
      0.4750000000000001,
      0.4750000000000001,
      0.4750000000000001
    ],
    "accuracy": [
      0.6153846153846154,
      0.6153846153846154,
      0.6153846153846154,
      0.6153846153846154,
      0.6153846153846154,
      0.6153846153846154,
      0.6153846153846154,
      0.6153846153846154,
      0.6153846153846154,
      0.6153846153846154,
      0.6153846153846154,
      0.6153846153846154,
      0.6153846153846154,
      0.6153846153846154,
      0.6153846153846154,
      0.6153846153846154,
      0.6153846153846154,
      0.6153846153846154,
      0.6153846153846154,
      0.6153846153846154,
      0.6153846153846154,
      0.6153846153846154,
      0.6153846153846154,
      0.6153846153846154,
      0.6153846153846154,
      0.6153846153846154,
      0.6153846153846154,
      0.6153846153846154,
      0.6153846153846154,
      0.6153846153846154,
      0.6153846153846154,
      0.6153846153846154,
      0.6153846153846154,
      0.6153846153846154,
      0.6153846153846154,
      0.6153846153846154,
      0.6153846153846154,
      0.6153846153846154,
      0.6153846153846154,
      0.6153846153846154,
      0.6153846153846154,
      0.6153846153846154,
      0.6153846153846154,
      0.6153846153846154
    ],
    "f1": [
      0.0,
      0.0,
      0.0,
      0.0,
      0.0,
      0.0,
      0.0,
      0.0,
      0.0,
      0.0,
      0.0,
      0.0,
      0.0,
      0.0,
      0.0,
      0.0,
      0.0,
      0.0,
      0.0,
      0.0,
      0.0,
      0.0,
      0.0,
      0.0,
      0.0,
      0.0,
      0.0,
      0.0,
      0.0,
      0.0,
      0.0,
      0.0,
      0.0,
      0.0,
      0.0,
      0.0,
      0.0,
      0.0,
      0.0,
      0.0,
      0.0,
      0.0,
      0.0,
      0.0
    ]
  }
}