{
  "mean": {
    "auc": 0.3986111111111111,
    "accuracy": 0.5421052631578948,
    "f1": 0.47222222222222215,
    "precision": 0.3666666666666667,
    "recall": 0.6666666666666666
  },
  "std": {
    "auc": 0.061268736111424374,
    "accuracy": 0.04232399326952567,
    "f1": 0.3356401659331826,
    "precision": 0.26246692913372704,
    "recall": 0.4714045207910317
  },
  "all_folds": [
    {
      "auc": 0.3125,
      "accuracy": 0.6,
      "f1": 0.75,
      "precision": 0.6,
      "recall": 1.0
    },
    {
      "auc": 0.44999999999999996,
      "accuracy": 0.5,
      "f1": 0.6666666666666666,
      "precision": 0.5,
      "recall": 1.0
    },
    {
      "auc": 0.43333333333333335,
      "accuracy": 0.5263157894736842,
      "f1": 0.0,
      "precision": 0.0,
      "recall": 0.0
    }
  ]
}