{
  "train": {
    "loss": [
      0.6927784184614817,
      0.6919218003749847,
      0.6937495668729147,
      0.6934138139088949,
      0.6937581598758698,
      0.6925367911656698,
      0.6927328308423361,
      0.6929624875386556,
      0.6917970279852549,
      0.6927395761013031,
      0.6932446360588074,
      0.693990578254064,
      0.6934662262598673,
      0.6942650079727173,
      0.6926737229029337,
      0.6937059561411539,
      0.6920808752377828,
      0.6938687165578207,
      0.6928125023841858,
      0.6943062345186869,
      0.6921956837177277,
      0.6932050983111063,
      0.694592277208964,
      0.6945678393046061,
      0.6930651466051737,
      0.6935940682888031,
      0.6939623355865479,
      0.693683534860611,
      0.6932306488355001,
      0.6926365594069163,
      0.6932444274425507,
      0.6934643586476644,
      0.6925629278024038,
      0.6926128566265106,
      0.6899121602376302,
      0.6917339066664377,
      0.6934804121653239,
      0.6929812928040823,
      0.6927041113376617,
      0.6921487351258596,
      0.6937152743339539,
      0.6948254108428955,
      0.6914039254188538,
      0.6926473180452982,
      0.6945148011048635,
      0.6940230826536814
    ],
    "auc": [
      0.5694444444444444,
      0.6805555555555556,
      0.4097222222222222,
      0.4583333333333333,
      0.4097222222222222,
      0.5833333333333334,
      0.5416666666666667,
      0.4930555555555556,
      0.6736111111111112,
      0.5277777777777777,
      0.5138888888888888,
      0.39583333333333337,
      0.4375,
      0.4097222222222222,
      0.5347222222222222,
      0.41666666666666674,
      0.6319444444444444,
      0.4444444444444444,
      0.5277777777777778,
      0.33333333333333337,
      0.6875,
      0.4375,
      0.32638888888888884,
      0.36111111111111116,
      0.4791666666666667,
      0.4305555555555556,
      0.41666666666666674,
      0.3680555555555555,
      0.4861111111111111,
      0.5902777777777778,
      0.5208333333333334,
      0.41666666666666663,
      0.5902777777777778,
      0.5694444444444444,
      0.8333333333333333,
      0.6458333333333334,
      0.4166666666666667,
      0.5277777777777778,
      0.5902777777777778,
      0.6736111111111112,
      0.4097222222222222,
      0.3402777777777778,
      0.6944444444444444,
      0.5625,
      0.3194444444444444,
      0.4027777777777778
    ],
    "accuracy": [
      0.5,
      0.5416666666666666,
      0.5416666666666666,
      0.5416666666666666,
      0.375,
      0.5416666666666666,
      0.5416666666666666,
      0.5,
      0.5416666666666666,
      0.4583333333333333,
      0.4166666666666667,
      0.5,
      0.4583333333333333,
      0.4583333333333333,
      0.4166666666666667,
      0.4583333333333333,
      0.5416666666666666,
      0.5833333333333334,
      0.5416666666666666,
      0.5,
      0.5416666666666666,
      0.5,
      0.4583333333333333,
      0.375,
      0.5,
      0.5416666666666666,
      0.4166666666666667,
      0.4583333333333333,
      0.5,
      0.5,
      0.4166666666666667,
      0.5416666666666666,
      0.5,
      0.5416666666666666,
      0.5833333333333334,
      0.5416666666666666,
      0.5,
      0.4583333333333333,
      0.5,
      0.5416666666666666,
      0.5416666666666666,
      0.4166666666666667,
      0.625,
      0.5,
      0.4583333333333333,
      0.5
    ],
    "f1": [
      0.0,
      0.15384615384615385,
      0.15384615384615385,
      0.26666666666666666,
      0.0,
      0.15384615384615385,
      0.15384615384615385,
      0.0,
      0.15384615384615385,
      0.0,
      0.0,
      0.0,
      0.0,
      0.0,
      0.0,
      0.0,
      0.15384615384615385,
      0.2857142857142857,
      0.15384615384615385,
      0.14285714285714285,
      0.15384615384615385,
      0.14285714285714285,
      0.13333333333333333,
      0.0,
      0.14285714285714285,
      0.15384615384615385,
      0.125,
      0.0,
      0.0,
      0.14285714285714285,
      0.0,
      0.15384615384615385,
      0.0,
      0.15384615384615385,
      0.2857142857142857,
      0.26666666666666666,
      0.14285714285714285,
      0.0,
      0.0,
      0.15384615384615385,
      0.15384615384615385,
      0.0,
      0.4,
      0.0,
      0.0,
      0.14285714285714285
    ]
  },
  "val": {
    "loss": [
      0.692258894443512,
      0.6922559340794882,
      0.6922515233357748,
      0.6922471523284912,
      0.6922447085380554,
      0.6922417084376017,
      0.6922393242518107,
      0.6922390659650167,
      0.6922378937403361,
      0.6922353506088257,
      0.6922319332758585,
      0.6922305822372437,
      0.692228635152181,
      0.6922221581141154,
      0.6922114292780558,
      0.6922020117441813,
      0.6921942830085754,
      0.6921854813893636,
      0.6921769579251608,
      0.6921685536702474,
      0.6921612024307251,
      0.6921536723772684,
      0.6921471556027731,
      0.6921412944793701,
      0.692135234673818,
      0.6921324133872986,
      0.6921259760856628,
      0.6921220620473226,
      0.6921178102493286,
      0.6921116511027018,
      0.6921065251032511,
      0.6921022534370422,
      0.6920998096466064,
      0.6921005249023438,
      0.6920988361040751,
      0.6920950015385946,
      0.6920916636784872,
      0.692089299360911,
      0.6920897165934244,
      0.6920881470044454,
      0.6920874913533529,
      0.692086418469747,
      0.6920840740203857,
      0.6920819083849589,
      0.6920788089434305,
      0.6920748154322306
    ],
    "auc": [
      0.17142857142857143,
      0.2,
      0.2285714285714286,
      0.2285714285714286,
      0.2285714285714286,
      0.2285714285714286,
      0.2285714285714286,
      0.2285714285714286,
      0.2285714285714286,
      0.2285714285714286,
      0.2571428571428572,
      0.2571428571428572,
      0.2571428571428572,
      0.2571428571428572,
      0.2571428571428572,
      0.2571428571428572,
      0.28571428571428575,
      0.31428571428571433,
      0.37142857142857144,
      0.4,
      0.4285714285714286,
      0.4285714285714286,
      0.4285714285714286,
      0.4285714285714286,
      0.4857142857142857,
      0.4857142857142857,
      0.4857142857142857,
      0.4857142857142857,
      0.4857142857142857,
      0.5142857142857142,
      0.5428571428571429,
      0.5428571428571429,
      0.5714285714285714,
      0.5714285714285714,
      0.5714285714285714,
      0.6,
      0.6,
      0.6,
      0.6,
      0.6,
      0.6,
      0.6,
      0.6,
      0.6,
      0.6,
      0.6
    ],
    "accuracy": [
      0.5833333333333334,
      0.5833333333333334,
      0.5833333333333334,
      0.5833333333333334,
      0.5833333333333334,
      0.5833333333333334,
      0.5833333333333334,
      0.5833333333333334,
      0.5833333333333334,
      0.5833333333333334,
      0.5833333333333334,
      0.5833333333333334,
      0.5833333333333334,
      0.5833333333333334,
      0.5833333333333334,
      0.5833333333333334,
      0.5833333333333334,
      0.5833333333333334,
      0.5833333333333334,
      0.5833333333333334,
      0.5833333333333334,
      0.5833333333333334,
      0.5833333333333334,
      0.5833333333333334,
      0.5833333333333334,
      0.5833333333333334,
      0.5833333333333334,
      0.5833333333333334,
      0.5833333333333334,
      0.5833333333333334,
      0.5833333333333334,
      0.5833333333333334,
      0.5833333333333334,
      0.5833333333333334,
      0.5833333333333334,
      0.5833333333333334,
      0.5833333333333334,
      0.5833333333333334,
      0.5833333333333334,
      0.5833333333333334,
      0.5833333333333334,
      0.5833333333333334,
      0.5833333333333334,
      0.5833333333333334,
      0.5833333333333334,
      0.5833333333333334
    ],