{
  "train": {
    "loss": [
      0.8077273964881897,
      0.8069908221562704,
      0.809047520160675,
      0.8103675047556559,
      0.8068418701489767,
      0.8085816701253256,
      0.8102129499117533,
      0.8104224602381388,
      0.8066586454709371,
      0.8055641651153564,
      0.8066911896069845
    ],
    "auc": [
      0.6285714285714287,
      0.6285714285714286,
      0.5142857142857142,
      0.1714285714285714,
      0.8,
      0.45714285714285713,
      0.34285714285714286,
      0.2,
      0.7999999999999999,
      0.8571428571428572,
      0.6857142857142857
    ],
    "accuracy": [
      0.5833333333333334,
      0.75,
      0.5,
      0.5833333333333334,
      0.6666666666666666,
      0.6666666666666666,
      0.5,
      0.5833333333333334,
      0.5833333333333334,
      0.5833333333333334,
      0.5833333333333334
    ],
    "f1": [
      0.0,
      0.5714285714285714,
      0.0,
      0.0,
      0.3333333333333333,
      0.3333333333333333,
      0.0,
      0.2857142857142857,
      0.0,
      0.0,
      0.0
    ]
  },
  "val": {
    "loss": [
      0.7597588896751404,
      0.7597610652446747,
      0.7597606778144836,
      0.7597591876983643,
      0.7597577273845673,
      0.759755402803421,
      0.7597533762454987,
      0.7597531676292419,
      0.759752094745636,
      0.7597510814666748,
      0.7597505748271942
    ],
    "auc": [
      0.2,
      0.2,
      0.2,
      0.2,
      0.2,
      0.09999999999999998,
      0.09999999999999998,
      0.09999999999999998,
      0.09999999999999998,
      0.09999999999999998,
      0.09999999999999998
    ],
    "accuracy": [
      0.7142857142857143,
      0.7142857142857143,
      0.7142857142857143,
      0.7142857142857143,
      0.7142857142857143,
      0.7142857142857143,
      0.7142857142857143,
      0.7142857142857143,
      0.7142857142857143,
      0.7142857142857143,
      0.7142857142857143
    ],
    "f1": [
      0.0,
      0.0,
      0.0,
      0.0,
      0.0,
      0.0,
      0.0,
      0.0,
      0.0,
      0.0,
      0.0
    ]
  }
}