{
  "mean": {
    "auc": 0.44696969696969696,
    "accuracy": 0.47368421052631576,
    "f1": 0.4444444444444444,
    "precision": 0.3333333333333333,
    "recall": 0.6666666666666666
  },
  "std": {
    "auc": 0.11086520078743466,
    "accuracy": 0.037216146378239355,
    "f1": 0.31426968052735443,
    "precision": 0.23570226039551584,
    "recall": 0.4714045207910317
  },
  "all_folds": [
    {
      "auc": 0.4,
      "accuracy": 0.5,
      "f1": 0.6666666666666666,
      "precision": 0.5,
      "recall": 1.0
    },
    {
      "auc": 0.6,
      "accuracy": 0.5,
      "f1": 0.6666666666666666,
      "precision": 0.5,
      "recall": 1.0
    },
    {
      "auc": 0.3409090909090909,
      "accuracy": 0.42105263157894735,
      "f1": 0.0,
      "precision": 0.0,
      "recall": 0.0
    }
  ]
}