{
  "train": {
    "loss": [
      0.6946802905627659,
      0.6935770256178719,
      0.6938788379941668,
      0.6954538226127625,
      0.6943673746926444,
      0.6909490142549787,
      0.6910982387406486,
      0.6925849063055856,
      0.6977282081331525,
      0.6930525984082904,
      0.6924075995172773
    ],
    "auc": [
      0.4437869822485207,
      0.4378698224852071,
      0.48520710059171596,
      0.4556213017751479,
      0.44970414201183434,
      0.57396449704142,
      0.6213017751479291,
      0.5976331360946745,
      0.3136094674556213,
      0.47337278106508873,
      0.5562130177514792
    ],
    "accuracy": [
      0.4230769230769231,
      0.4230769230769231,
      0.46153846153846156,
      0.5384615384615384,
      0.46153846153846156,
      0.5,
      0.46153846153846156,
      0.46153846153846156,
      0.34615384615384615,
      0.46153846153846156,
      0.5769230769230769
    ],
    "f1": [
      0.5714285714285714,
      0.5945945945945946,
      0.5333333333333333,
      0.625,
      0.631578947368421,
      0.6285714285714286,
      0.5882352941176471,
      0.5882352941176471,
      0.37037037037037035,
      0.5625,
      0.5925925925925926
    ]
  },
  "val": {
    "loss": [
      0.6918881237506866,
      0.6918879300355911,
      0.6918956488370895,
      0.6919011622667313,
      0.691903218626976,
      0.6919035911560059,
      0.6918988823890686,
      0.6918985098600388,
      0.6918998807668686,
      0.6919042617082596,
      0.6919054090976715
    ],
    "auc": [
      0.40476190476190477,
      0.40476190476190477,
      0.40476190476190477,
      0.40476190476190477,
      0.40476190476190477,
      0.40476190476190477,
      0.40476190476190477,
      0.40476190476190477,
      0.40476190476190477,
      0.40476190476190477,
      0.40476190476190477
    ],
    "accuracy": [
      0.46153846153846156,
      0.46153846153846156,
      0.46153846153846156,
      0.46153846153846156,
      0.46153846153846156,
      0.46153846153846156,
      0.46153846153846156,
      0.46153846153846156,
      0.46153846153846156,
      0.46153846153846156,
      0.46153846153846156
    ],
    "f1": [
      0.631578947368421,
      0.631578947368421,
      0.631578947368421,
      0.631578947368421,
      0.631578947368421,
      0.631578947368421,
      0.631578947368421,
      0.631578947368421,
      0.631578947368421,
      0.631578947368421,
      0.631578947368421
    ]
  }
}