{
  "train": {
    "loss": [
      0.795480266213417,
      0.7796739935874939,
      0.7950879037380219,
      0.7955528050661087,
      0.7806698232889175,
      0.798220083117485,
      0.777643233537674,
      0.7959532886743546,
      0.7916926890611649,
      0.7963453531265259,
      0.7952966541051865
    ],
    "auc": [
      0.3333333333333333,
      0.4583333333333333,
      0.2916666666666667,
      0.3125,
      0.2708333333333333,
      0.08333333333333333,
      0.75,
      0.3125,
      0.75,
      0.20833333333333331,
      0.4583333333333333
    ],
    "accuracy": [
      0.5714285714285714,
      0.5714285714285714,
      0.5,
      0.5714285714285714,
      0.5714285714285714,
      0.5714285714285714,
      0.5,
      0.5,
      0.5,
      0.5,
      0.6428571428571429
    ],
    "f1": [
      0.0,
      0.25,
      0.0,
      0.0,
      0.0,
      0.0,
      0.0,
      0.0,
      0.0,
      0.0,
      0.2857142857142857
    ]
  },
  "val": {
    "loss": [
      0.8204083144664764,
      0.8204053044319153,
      0.8204037845134735,
      0.8204027712345123,
      0.8204025030136108,
      0.8204014003276825,
      0.8203991949558258,
      0.8203991055488586,
      0.8203989565372467,
      0.8203985095024109,
      0.8203989863395691
    ],
    "auc": [
      0.5,
      0.5,
      0.5,
      0.5,
      0.5,
      0.5,
      0.5,
      0.5,
      0.5,
      0.5,
      0.5
    ],
    "accuracy": [
      0.42857142857142855,
      0.42857142857142855,
      0.42857142857142855,
      0.42857142857142855,
      0.42857142857142855,
      0.42857142857142855,
      0.42857142857142855,
      0.42857142857142855,
      0.42857142857142855,
      0.42857142857142855,
      0.42857142857142855
    ],
    "f1": [
      0.0,
      0.0,
      0.0,
      0.0,
      0.0,
      0.0,
      0.0,
      0.0,
      0.0,
      0.0,
      0.0
    ]
  }
}