{
  "train": {
    "loss": [
      0.6912065999848502,
      0.6959031479699271,
      0.6920866114752633,
      0.6947817632130214,
      0.6947197828974042,
      0.6905485221317836,
      0.6984251056398664,
      0.6935743093490601,
      0.7008308342524937,
      0.6935180170195443,
      0.6931384290967669
    ],
    "auc": [
      0.5562130177514794,
      0.3195266272189349,
      0.5443786982248521,
      0.4615384615384615,
      0.4970414201183432,
      0.6331360946745562,
      0.26627218934911245,
      0.5207100591715976,
      0.14792899408284024,
      0.5207100591715976,
      0.5384615384615385
    ],
    "accuracy": [
      0.46153846153846156,
      0.2692307692307692,
      0.5,
      0.5,
      0.5,
      0.6153846153846154,
      0.3076923076923077,
      0.5384615384615384,
      0.2692307692307692,
      0.5384615384615384,
      0.5384615384615384
    ],
    "f1": [
      0.6111111111111112,
      0.3870967741935484,
      0.6486486486486487,
      0.6486486486486487,
      0.6060606060606061,
      0.7058823529411765,
      0.47058823529411764,
      0.6470588235294118,
      0.42424242424242425,
      0.6470588235294118,
      0.6666666666666666
    ]
  },
  "val": {
    "loss": [
      0.6924364417791367,
      0.6924289166927338,
      0.6924223899841309,
      0.6924241334199905,
      0.6924294829368591,
      0.6924335211515427,
      0.6924358755350113,
      0.692434698343277,
      0.6924319267272949,
      0.6924340724945068,
      0.6924335807561874
    ],
    "auc": [
      0.6428571428571429,
      0.6428571428571429,
      0.6428571428571429,
      0.6428571428571429,
      0.6428571428571429,
      0.6428571428571429,
      0.5952380952380951,
      0.5952380952380951,
      0.5714285714285714,
      0.5714285714285714,
      0.5714285714285714
    ],
    "accuracy": [
      0.46153846153846156,
      0.46153846153846156,
      0.46153846153846156,
      0.46153846153846156,
      0.46153846153846156,
      0.46153846153846156,
      0.46153846153846156,
      0.46153846153846156,
      0.46153846153846156,
      0.46153846153846156,
      0.46153846153846156
    ],
    "f1": [
      0.631578947368421,
      0.631578947368421,
      0.631578947368421,
      0.631578947368421,
      0.631578947368421,
      0.631578947368421,
      0.631578947368421,
      0.631578947368421,
      0.631578947368421,
      0.631578947368421,
      0.631578947368421
    ]
  }
}