{
  "mean": {
    "auc": 0.4163299663299663,
    "accuracy": 0.5078947368421053,
    "f1": 0.6730670762928828,
    "precision": 0.5078947368421053,
    "recall": 1.0
  },
  "std": {
    "auc": 0.10580885090350271,
    "accuracy": 0.03165196237310304,
    "f1": 0.027652140005728923,
    "precision": 0.03165196237310304,
    "recall": 0.0
  },
  "all_folds": [
    {
      "auc": 0.35,
      "accuracy": 0.5,
      "f1": 0.6666666666666666,
      "precision": 0.5,
      "recall": 1.0
    },
    {
      "auc": 0.3333333333333333,
      "accuracy": 0.47368421052631576,
      "f1": 0.6428571428571429,
      "precision": 0.47368421052631576,
      "recall": 1.0
    },
    {
      "auc": 0.5656565656565656,
      "accuracy": 0.55,
      "f1": 0.7096774193548387,
      "precision": 0.55,
      "recall": 1.0
    }
  ]
}