{
  "train": {
    "loss": [
      0.7520026649747577,
      0.7460516180310931,
      0.7479833534785679,
      0.7457352791513715,
      0.7471910459654671,
      0.7509452274867466,
      0.7476819413048881,
      0.7489318251609802,
      0.7521118266241891,
      0.7476411461830139,
      0.7421057394572667,
      0.7517952748707363,
      0.7509852562631879,
      0.7410877346992493
    ],
    "auc": [
      0.4464285714285714,
      0.5892857142857143,
      0.380952380952381,
      0.5595238095238095,
      0.4761904761904762,
      0.5357142857142858,
      0.3392857142857143,
      0.39880952380952384,
      0.45238095238095233,
      0.4285714285714286,
      0.5238095238095238,
      0.48809523809523814,
      0.4880952380952381,
      0.6011904761904763
    ],
    "accuracy": [
      0.5,
      0.5384615384615384,
      0.46153846153846156,
      0.5384615384615384,
      0.5,
      0.6153846153846154,
      0.5,
      0.4230769230769231,
      0.46153846153846156,
      0.5,
      0.5,
      0.5,
      0.5769230769230769,
      0.5769230769230769
    ],
    "f1": [
      0.38095238095238093,
      0.3333333333333333,
      0.3,
      0.3333333333333333,
      0.3157894736842105,
      0.4444444444444444,
      0.13333333333333333,
      0.11764705882352941,
      0.125,
      0.3157894736842105,
      0.23529411764705882,
      0.3157894736842105,
      0.47619047619047616,
      0.47619047619047616
    ]
  },
  "val": {
    "loss": [
      0.7664290219545364,
      0.7664426118135452,
      0.7664471119642258,
      0.7664514482021332,
      0.7664476484060287,
      0.7664463967084885,
      0.7664400488138199,
      0.7664298862218857,
      0.7664168775081635,
      0.7663999050855637,
      0.7663931846618652,
      0.7663993388414383,
      0.7664061933755875,
      0.7664029896259308
    ],
    "auc": [
      0.5208333333333333,
      0.5208333333333333,
      0.5416666666666666,
      0.5625,
      0.5625,
      0.5625,
      0.5416666666666666,
      0.5416666666666666,
      0.5416666666666666,
      0.5416666666666666,
      0.5416666666666666,
      0.5416666666666666,
      0.5416666666666666,
      0.5625
    ],
    "accuracy": [
      0.42857142857142855,
      0.42857142857142855,
      0.42857142857142855,
      0.42857142857142855,
      0.42857142857142855,
      0.42857142857142855,
      0.42857142857142855,
      0.42857142857142855,
      0.42857142857142855,
      0.42857142857142855,
      0.42857142857142855,
      0.42857142857142855,
      0.42857142857142855,
      0.42857142857142855
    ],
    "f1": [
      0.0,
      0.0,
      0.0,
      0.0,
      0.0,
      0.0,
      0.0,
      0.0,
      0.0,
      0.0,
      0.0,
      0.0,
      0.0,
      0.0
    ]
  }
}