{
  "train": {
    "loss": [
      0.723713219165802,
      0.7215916003499713,
      0.7187595622880119,
      0.7197207893644061,
      0.7198179108755929,
      0.7191054906163897,
      0.7167376961026873,
      0.7164966208594186,
      0.7255435160228184,
      0.7171863998685565,
      0.7192750402859279
    ],
    "auc": [
      0.39102564102564097,
      0.6217948717948717,
      0.5448717948717949,
      0.3589743589743589,
      0.4358974358974359,
      0.46794871794871795,
      0.782051282051282,
      0.6666666666666666,
      0.4423076923076923,
      0.7371794871794871,
      0.5384615384615384
    ],
    "accuracy": [
      0.32,
      0.56,
      0.48,
      0.52,
      0.52,
      0.56,
      0.64,
      0.52,
      0.44,
      0.68,
      0.44
    ],
    "f1": [
      0.45161290322580644,
      0.6666666666666666,
      0.6060606060606061,
      0.625,
      0.6470588235294118,
      0.6666666666666666,
      0.7096774193548387,
      0.6,
      0.5333333333333333,
      0.7333333333333333,
      0.5625
    ]
  },
  "val": {
    "loss": [
      0.7242970069249471,
      0.7242863575617472,
      0.7242848873138428,
      0.7242792248725891,
      0.7242782115936279,
      0.7242767016092936,
      0.724277675151825,
      0.7242667078971863,
      0.7242655754089355,
      0.724257210890452,
      0.7242536942164103
    ],
    "auc": [
      0.7714285714285715,
      0.7714285714285715,
      0.7428571428571429,
      0.7428571428571429,
      0.7428571428571429,
      0.7428571428571429,
      0.7428571428571429,
      0.7428571428571429,
      0.7428571428571429,
      0.7428571428571429,
      0.7428571428571429
    ],
    "accuracy": [
      0.5833333333333334,
      0.5833333333333334,
      0.5833333333333334,
      0.5833333333333334,
      0.5833333333333334,
      0.5833333333333334,
      0.5833333333333334,
      0.5833333333333334,
      0.5833333333333334,
      0.5833333333333334,
      0.5833333333333334
    ],
    "f1": [
      0.7368421052631579,
      0.7368421052631579,
      0.7368421052631579,
      0.7368421052631579,
      0.7368421052631579,
      0.7368421052631579,
      0.7368421052631579,
      0.7368421052631579,
      0.7368421052631579,
      0.7368421052631579,
      0.7368421052631579
    ]
  }
}