{
  "train": {
    "loss": [
      0.8327828943729401,
      0.8434006869792938,
      0.8336731344461441,
      0.8345582857728004,
      0.8343054577708244,
      0.8342747166752815,
      0.8211978673934937,
      0.8331060037016869,
      0.831970602273941,
      0.8330251127481461,
      0.8359510600566864,
      0.8246107622981071,
      0.843176044523716,
      0.8341846764087677,
      0.844516210258007,
      0.8443461433053017,
      0.8326859697699547,
      0.8331942856311798,
      0.8218209221959114,
      0.8441621288657188,
      0.8339435458183289,
      0.8240001127123833,
      0.8244932442903519,
      0.8322092816233635,
      0.8333576694130898,
      0.8234569579362869,
      0.8439646884799004,
      0.8232829794287682,
      0.8353458940982819,
      0.8238266333937645,
      0.8439085111021996,
      0.8207413703203201,
      0.8335141390562057,
      0.8356297463178635,
      0.8228998333215714,
      0.8335531502962112
    ],
    "auc": [
      0.6296296296296297,
      0.6944444444444444,
      0.5046296296296297,
      0.39351851851851855,
      0.4305555555555555,
      0.45370370370370366,
      0.662037037037037,
      0.625,
      0.5972222222222223,
      0.6388888888888888,
      0.2824074074074074,
      0.36574074074074076,
      0.6111111111111112,
      0.537037037037037,
      0.4444444444444444,
      0.46759259259259256,
      0.6342592592592593,
      0.5509259259259258,
      0.625,
      0.5555555555555556,
      0.47222222222222227,
      0.4027777777777778,
      0.33796296296296297,
      0.6111111111111112,
      0.5833333333333333,
      0.4722222222222222,
      0.5509259259259258,
      0.5138888888888888,
      0.3379629629629629,
      0.48611111111111116,
      0.5740740740740742,
      0.75,
      0.5509259259259259,
      0.41666666666666663,
      0.5,
      0.46759259259259256
    ],
    "accuracy": [
      0.5333333333333333,
      0.6666666666666666,
      0.43333333333333335,
      0.4666666666666667,
      0.4,
      0.4666666666666667,
      0.6333333333333333,
      0.5333333333333333,
      0.5666666666666667,
      0.5,
      0.3,
      0.4,
      0.5333333333333333,
      0.5333333333333333,
      0.43333333333333335,
      0.5333333333333333,
      0.5,
      0.43333333333333335,
      0.6333333333333333,
      0.5666666666666667,
      0.4666666666666667,
      0.43333333333333335,
      0.3333333333333333,
      0.6,
      0.6333333333333333,
      0.4666666666666667,
      0.6,
      0.5,
      0.4,
      0.5333333333333333,
      0.5,
      0.5333333333333333,
      0.5333333333333333,
      0.43333333333333335,
      0.43333333333333335,
      0.43333333333333335
    ],
    "f1": [
      0.46153846153846156,
      0.6428571428571429,
      0.41379310344827586,
      0.38461538461538464,
      0.4375,
      0.42857142857142855,
      0.56,
      0.5625,
      0.5806451612903226,
      0.5161290322580645,
      0.27586206896551724,
      0.35714285714285715,
      0.5625,
      0.5333333333333333,
      0.48484848484848486,
      0.4166666666666667,
      0.5161290322580645,
      0.48484848484848486,
      0.5925925925925926,
      0.5185185185185185,
      0.5,
      0.48484848484848486,
      0.23076923076923078,
      0.625,
      0.5217391304347826,
      0.38461538461538464,
      0.5384615384615384,
      0.34782608695652173,
      0.4,
      0.5625,
      0.5161290322580645,
      0.5882352941176471,
      0.5625,
      0.45161290322580644,
      0.37037037037037035,
      0.41379310344827586
    ]
  },
  "val": {
    "loss": [
      0.88716621696949,
      0.8871679604053497,
      0.8871723115444183,
      0.88716921210289,
      0.8871657848358154,
      0.887160524725914,
      0.8871537148952484,
      0.8871521800756454,
      0.8871427923440933,
      0.8871326893568039,
      0.8871236145496368,
      0.8871179074048996,
      0.88712577521801,
      0.8871246427297592,
      0.8871249556541443,
      0.887127235531807,
      0.8871222138404846,
      0.8871145844459534,
      0.8871069103479385,
      0.8871089667081833,
      0.8870983123779297,
      0.8870925158262253,
      0.8870924264192581,
      0.8870980441570282,
      0.887096181511879,
      0.8870898336172104,
      0.8870847225189209,
      0.8870764821767807,
      0.8870781064033508,
      0.8870772868394852,
      0.887080654501915,
      0.887077733874321,
      0.8870830684900284,
      0.8870745897293091,
      0.8870665729045868,
      0.8870711922645569
    ],
    "auc": [
      0.8148148148148149,
      0.8148148148148149,
      0.8148148148148149,
      0.8148148148148149,
      0.8148148148148149,
      0.8148148148148149,
      0.8148148148148149,
      0.8148148148148149,
      0.8333333333333334,
      0.8333333333333334,
      0.8333333333333334,
      0.8333333333333334,
      0.8333333333333334,
      0.8333333333333334,
      0.8333333333333334,
      0.8518518518518519,
      0.8518518518518519,
      0.8518518518518519,
      0.8518518518518519,
      0.8518518518518519,
      0.8703703703703705,
      0.8703703703703705,
      0.8703703703703705,
      0.8703703703703705,
      0.8703703703703705,
      0.8703703703703705,
      0.8703703703703705,
      0.8703703703703705,
      0.8703703703703705,
      0.8518518518518519,
      0.8333333333333334,
      0.8333333333333334,
      0.8333333333333334,
      0.8333333333333334,
      0.8518518518518519,
      0.8518518518518519
    ],
    "accuracy": [
      0.6,
      0.6,
      0.6,
      0.6,
      0.6,
      0.6,
      0.6,
      0.6,
      0.6,
      0.6,
      0.6,
      0.6,
      0.6,
      0.6,
      0.6,
      0.6,
      0.6,
      0.6,
      0.6,
      0.6,
      0.6,
      0.6,
      0.6,
      0.6,
      0.6,
      0.6,
      0.6,
      0.6,
      0.6,
      0.6,
      0.6,
      0.6,
      0.6,
      0.6,
      0.6,
      0.6
    ],
    "f1": [
      0.75,
      0.75,
      0.75,
      0.75,
      0.75,
      0.75,
      0.75,
      0.75,
      0.75,
      0.75,
      0.75,
      0.75,
      0.75,
      0.75,
      0.75,
      0.75,
      0.75,
      0.75,
      0.75,
      0.75,
      0.75,
      0.75,
      0.75,
      0.75,
      0.75,
      0.75,
      0.75,
      0.75,
      0.75,
      0.75,
      0.75,
      0.75,
      0.75,
      0.75,
      0.75,
      0.75
    ]
  }
}