{
  "mean": {
    "auc": 0.43939393939393945,
    "accuracy": 0.4842105263157895,
    "f1": 0.4349206349206349,
    "precision": 0.3263157894736842,
    "recall": 0.6666666666666666
  },
  "std": {
    "auc": 0.08509389113885985,
    "accuracy": 0.0734331562682679,
    "f1": 0.3145581631343511,
    "precision": 0.24202897348744612,
    "recall": 0.4714045207910317
  },
  "all_folds": [
    {
      "auc": 0.5416666666666667,
      "accuracy": 0.4,
      "f1": 0.5714285714285714,
      "precision": 0.4,
      "recall": 1.0
    },
    {
      "auc": 0.4431818181818182,
      "accuracy": 0.5789473684210527,
      "f1": 0.7333333333333333,
      "precision": 0.5789473684210527,
      "recall": 1.0
    },
    {
      "auc": 0.33333333333333337,
      "accuracy": 0.47368421052631576,
      "f1": 0.0,
      "precision": 0.0,
      "recall": 0.0
    }
  ]
}