{
  "train": {
    "loss": [
      0.7693300076893398,
      0.7850025636809213,
      0.7686656372887748,
      0.7863246543066842,
      0.7677535244396755,
      0.7694199425833566,
      0.7645790917532784,
      0.7702240518161229,
      0.7870454958506993,
      0.7685613802501133,
      0.7694351673126221
    ],
    "auc": [
      0.474025974025974,
      0.461038961038961,
      0.4675324675324676,
      0.3701298701298701,
      0.5844155844155844,
      0.49350649350649345,
      0.6363636363636364,
      0.40259740259740256,
      0.42207792207792205,
      0.49350649350649345,
      0.5454545454545454
    ],
    "accuracy": [
      0.4,
      0.4,
      0.52,
      0.4,
      0.52,
      0.48,
      0.6,
      0.32,
      0.32,
      0.48,
      0.52
    ],
    "f1": [
      0.5714285714285714,
      0.5161290322580645,
      0.625,
      0.5454545454545454,
      0.625,
      0.5517241379310345,
      0.6428571428571429,
      0.48484848484848486,
      0.48484848484848486,
      0.5185185185185185,
      0.6
    ]
  },
  "val": {
    "loss": [
      0.807121530175209,
      0.8071390390396118,
      0.8071508258581161,
      0.8071671575307846,
      0.8071789294481277,
      0.8072136640548706,
      0.8072465509176254,
      0.8072559088468552,
      0.8072637617588043,
      0.8072491884231567,
      0.8072534948587418
    ],
    "auc": [
      0.6666666666666667,
      0.6666666666666667,
      0.6428571428571429,
      0.6428571428571429,
      0.6428571428571429,
      0.6428571428571429,
      0.6428571428571429,
      0.6428571428571429,
      0.6428571428571429,
      0.6428571428571429,
      0.6666666666666666
    ],
    "accuracy": [
      0.5384615384615384,
      0.5384615384615384,
      0.5384615384615384,
      0.5384615384615384,
      0.5384615384615384,
      0.5384615384615384,
      0.5384615384615384,
      0.5384615384615384,
      0.5384615384615384,
      0.5384615384615384,
      0.5384615384615384
    ],
    "f1": [
      0.7,
      0.7,
      0.7,
      0.7,
      0.7,
      0.7,
      0.7,
      0.7,
      0.7,
      0.7,
      0.7
    ]
  }
}