{
  "train": {
    "loss": [
      0.8222548440098763,
      0.8314450308680534,
      0.8322103098034859,
      0.8207876607775688,
      0.8312625139951706,
      0.8339093998074532,
      0.834970586001873,
      0.8311030566692352,
      0.8338632062077522,
      0.8337645977735519,
      0.8206894025206566,
      0.8215205743908882,
      0.8419673219323158,
      0.8292025551199913,
      0.8341396078467369,
      0.8425131291151047,
      0.8210896626114845,
      0.8412570357322693,
      0.8286480456590652,
      0.8428212404251099
    ],
    "auc": [
      0.5486111111111112,
      0.7314814814814815,
      0.6203703703703705,
      0.6759259259259259,
      0.7222222222222222,
      0.5,
      0.44907407407407407,
      0.6898148148148148,
      0.5138888888888888,
      0.5185185185185186,
      0.6851851851851852,
      0.5925925925925926,
      0.7407407407407407,
      0.7453703703703703,
      0.4537037037037037,
      0.611111111111111,
      0.6527777777777778,
      0.6851851851851852,
      0.7314814814814815,
      0.6180555555555556
    ],
    "accuracy": [
      0.6333333333333333,
      0.7,
      0.7,
      0.6666666666666666,
      0.6,
      0.6,
      0.5,
      0.6666666666666666,
      0.4666666666666667,
      0.6,
      0.6666666666666666,
      0.6666666666666666,
      0.6,
      0.7333333333333333,
      0.5666666666666667,
      0.6333333333333333,
      0.6666666666666666,
      0.6333333333333333,
      0.7,
      0.5333333333333333
    ],
    "f1": [
      0.26666666666666666,
      0.47058823529411764,
      0.47058823529411764,
      0.4444444444444444,
      0.4,
      0.25,
      0.2857142857142857,
      0.4444444444444444,
      0.2727272727272727,
      0.45454545454545453,
      0.5454545454545454,
      0.5454545454545454,
      0.5384615384615384,
      0.6363636363636364,
      0.3157894736842105,
      0.35294117647058826,
      0.5833333333333334,
      0.47619047619047616,
      0.64,
      0.46153846153846156
    ]
  },
  "val": {
    "loss": [
      0.9191996604204178,
      0.9194613248109818,
      0.919645220041275,
      0.9196634143590927,
      0.9197149723768234,
      0.9197385758161545,
      0.9197377115488052,
      0.9193326681852341,
      0.9189663529396057,
      0.9186680912971497,
      0.918374091386795,
      0.9182325154542923,
      0.9181255847215652,
      0.917873278260231,
      0.9176795482635498,
      0.9175304621458054,
      0.9171527624130249,
      0.9169455170631409,
      0.9166602939367294,
      0.9165704697370529
    ],
    "auc": [
      0.36,
      0.46,
      0.48,
      0.56,
      0.64,
      0.6399999999999999,
      0.6199999999999999,
      0.6,
      0.56,
      0.5599999999999999,
      0.5599999999999999,
      0.56,
      0.5599999999999999,
      0.5599999999999999,
      0.58,
      0.6,
      0.58,
      0.6,
      0.64,
      0.62
    ],
    "accuracy": [
      0.3333333333333333,
      0.3333333333333333,
      0.3333333333333333,
      0.3333333333333333,
      0.3333333333333333,
      0.3333333333333333,
      0.3333333333333333,
      0.3333333333333333,
      0.3333333333333333,
      0.3333333333333333,
      0.4,
      0.4,
      0.4666666666666667,
      0.4666666666666667,
      0.5333333333333333,
      0.6,
      0.6,
      0.6,
      0.5333333333333333,
      0.5333333333333333
    ],
    "f1": [
      0.0,
      0.0,
      0.0,
      0.0,
      0.0,
      0.0,
      0.0,
      0.0,
      0.0,
      0.0,
      0.18181818181818182,
      0.18181818181818182,
      0.3333333333333333,
      0.42857142857142855,
      0.5333333333333333,
      0.625,
      0.625,
      0.625,
      0.5882352941176471,
      0.5882352941176471
    ]
  }
}