{
  "train": {
    "loss": [
      0.9271926681200663,
      0.9269517660140991,
      0.9242695569992065,
      0.9283138910929362,
      0.9232132236162821,
      0.9228480656941732,
      0.9220462044080099,
      0.9256959358851115,
      0.9272083838780721,
      0.9252476692199707,
      0.922731876373291
    ],
    "auc": [
      0.34375,
      0.25,
      0.46875,
      0.28125,
      0.5625,
      0.59375,
      0.71875,
      0.375,
      0.34375,
      0.375,
      0.5625
    ],
    "accuracy": [
      0.6666666666666666,
      0.6666666666666666,
      0.75,
      0.75,
      0.6666666666666666,
      0.6666666666666666,
      0.6666666666666666,
      0.6666666666666666,
      0.6666666666666666,
      0.6666666666666666,
      0.5833333333333334
    ],
    "f1": [
      0.0,
      0.0,
      0.4,
      0.4,
      0.0,
      0.3333333333333333,
      0.0,
      0.0,
      0.0,
      0.0,
      0.0
    ]
  },
  "val": {
    "loss": [
      1.1331523060798645,
      1.1331554055213928,
      1.1331527829170227,
      1.1331482529640198,
      1.1331499218940735,
      1.133150339126587,
      1.1331541538238525,
      1.1331560611724854,
      1.1331579685211182,
      1.1331605315208435,
      1.1331642270088196
    ],
    "auc": [
      0.125,
      0.125,
      0.125,
      0.125,
      0.125,
      0.125,
      0.125,
      0.125,
      0.125,
      0.125,
      0.125
    ],
    "accuracy": [
      0.3333333333333333,
      0.3333333333333333,
      0.3333333333333333,
      0.3333333333333333,
      0.3333333333333333,
      0.3333333333333333,
      0.3333333333333333,
      0.3333333333333333,
      0.3333333333333333,
      0.3333333333333333,
      0.3333333333333333
    ],
    "f1": [
      0.0,
      0.0,
      0.0,
      0.0,
      0.0,
      0.0,
      0.0,
      0.0,
      0.0,
      0.0,
      0.0
    ]
  }
}