{
  "train": {
    "loss": [
      0.7217564838273185,
      0.7171745640890939,
      0.72275881256376,
      0.725696359361921,
      0.7161846586636135,
      0.7193895833832877,
      0.7196331024169922,
      0.7211238401276725,
      0.7216396246637616,
      0.7216188737324306,
      0.7184095978736877,
      0.7231163041932243,
      0.7205314721379962,
      0.7233001845223563,
      0.7255895989281791,
      0.7250093477112907,
      0.7150295632226127,
      0.7169511999402728,
      0.7191939609391349,
      0.7167470625468663,
      0.725532054901123,
      0.7209474699837821,
      0.7198031885283334,
      0.7171088797705514,
      0.7247247695922852,
      0.7239874856812614,
      0.7218223469597953
    ],
    "auc": [
      0.4871794871794871,
      0.5256410256410257,
      0.5128205128205129,
      0.3717948717948718,
      0.6538461538461539,
      0.5256410256410255,
      0.5256410256410257,
      0.4935897435897436,
      0.6025641025641025,
      0.5448717948717949,
      0.5576923076923077,
      0.4935897435897436,
      0.4423076923076923,
      0.4871794871794871,
      0.3653846153846154,
      0.42307692307692313,
      0.7692307692307693,
      0.5961538461538461,
      0.4615384615384615,
      0.5833333333333334,
      0.39743589743589747,
      0.5256410256410255,
      0.3717948717948718,
      0.6474358974358974,
      0.4358974358974359,
      0.3782051282051282,
      0.5256410256410257
    ],
    "accuracy": [
      0.56,
      0.52,
      0.48,
      0.48,
      0.52,
      0.52,
      0.48,
      0.4,
      0.64,
      0.56,
      0.48,
      0.56,
      0.4,
      0.56,
      0.36,
      0.36,
      0.68,
      0.48,
      0.44,
      0.48,
      0.48,
      0.48,
      0.44,
      0.56,
      0.52,
      0.36,
      0.56
    ],
    "f1": [
      0.6451612903225806,
      0.625,
      0.5806451612903226,
      0.6060606060606061,
      0.5714285714285714,
      0.6,
      0.6060606060606061,
      0.4444444444444444,
      0.6666666666666666,
      0.6206896551724138,
      0.6060606060606061,
      0.6451612903225806,
      0.5454545454545454,
      0.6666666666666666,
      0.42857142857142855,
      0.5,
      0.7333333333333333,
      0.6060606060606061,
      0.5625,
      0.5806451612903226,
      0.5806451612903226,
      0.5806451612903226,
      0.6111111111111112,
      0.6666666666666666,
      0.625,
      0.5,
      0.6451612903225806
    ]
  },
  "val": {
    "loss": [
      0.7215223014354706,
      0.7215090692043304,
      0.7215015590190887,
      0.7214981466531754,
      0.7214920520782471,
      0.7214896976947784,
      0.7214861065149307,
      0.7214812785387039,
      0.7214791625738144,
      0.7214720398187637,
      0.7214678674936295,
      0.721463680267334,
      0.7214582115411758,
      0.7214517146348953,
      0.7214430272579193,
      0.7214352190494537,
      0.7214239537715912,
      0.7214197814464569,
      0.7214166671037674,
      0.7214094549417496,
      0.721399113535881,
      0.7213975042104721,
      0.7213979065418243,
      0.7213969677686691,
      0.7214059084653854,
      0.7214028686285019,
      0.7214042544364929
    ],
    "auc": [
      0.65,
      0.65,
      0.675,
      0.675,
      0.675,
      0.675,
      0.675,
      0.675,
      0.675,
      0.7,
      0.7,
      0.7,
      0.7,
      0.7,
      0.7,
      0.7,
      0.7250000000000001,
      0.7250000000000001,
      0.7250000000000001,
      0.7250000000000001,
      0.7250000000000001,
      0.7250000000000001,
      0.7250000000000001,
      0.7250000000000001,
      0.7250000000000001,
      0.7250000000000001,
      0.7250000000000001
    ],
    "accuracy": [
      0.6153846153846154,
      0.6153846153846154,
      0.6153846153846154,
      0.6153846153846154,
      0.6153846153846154,
      0.6153846153846154,
      0.6153846153846154,
      0.6153846153846154,
      0.6153846153846154,
      0.6153846153846154,
      0.6153846153846154,
      0.6153846153846154,
      0.6153846153846154,
      0.6153846153846154,
      0.6153846153846154,
      0.6153846153846154,
      0.6153846153846154,
      0.6153846153846154,
      0.6153846153846154,
      0.6153846153846154,
      0.6153846153846154,
      0.6153846153846154,
      0.6153846153846154,
      0.6153846153846154,
      0.6153846153846154,
      0.6153846153846154,
      0.6153846153846154
    ],
    "f1": [
      0.7619047619047619,
      0.7619047619047619,
      0.7619047619047619,
      0.7619047619047619,
      0.7619047619047619,
      0.7619047619047619,
      0.7619047619047619,
      0.7619047619047619,
      0.7619047619047619,
      0.7619047619047619,
      0.7619047619047619,
      0.7619047619047619,
      0.7619047619047619,
      0.7619047619047619,
      0.7619047619047619,
      0.7619047619047619,
      0.7619047619047619,
      0.7619047619047619,
      0.7619047619047619,
      0.7619047619047619,
      0.7619047619047619,
      0.7619047619047619,
      0.7619047619047619,
      0.7619047619047619,
      0.7619047619047619,
      0.7619047619047619,
      0.7619047619047619
    ]
  }
}