{
  "train": {
    "loss": [
      0.8462496176362038,
      0.835925504565239,
      0.834517702460289,
      0.8466626480221748,
      0.8236593678593636,
      0.8369703963398933,
      0.8317534700036049,
      0.8200659602880478,
      0.8342689871788025,
      0.8291458338499069,
      0.8236275762319565,
      0.8330682590603828,
      0.8250575289130211,
      0.8336258828639984,
      0.8340207785367966,
      0.8219014927744865,
      0.8458739966154099
    ],
    "auc": [
      0.4351851851851852,
      0.38425925925925924,
      0.42129629629629634,
      0.34259259259259256,
      0.4675925925925926,
      0.27314814814814814,
      0.6157407407407407,
      0.736111111111111,
      0.46759259259259256,
      0.8055555555555556,
      0.4722222222222222,
      0.4814814814814815,
      0.4120370370370371,
      0.5694444444444444,
      0.5185185185185185,
      0.5787037037037036,
      0.45833333333333337
    ],
    "accuracy": [
      0.5,
      0.36666666666666664,
      0.36666666666666664,
      0.4666666666666667,
      0.4,
      0.3333333333333333,
      0.4666666666666667,
      0.6333333333333333,
      0.43333333333333335,
      0.7,
      0.43333333333333335,
      0.43333333333333335,
      0.43333333333333335,
      0.5666666666666667,
      0.5666666666666667,
      0.43333333333333335,
      0.4
    ],
    "f1": [
      0.4827586206896552,
      0.3448275862068966,
      0.42424242424242425,
      0.5,
      0.47058823529411764,
      0.2857142857142857,
      0.4666666666666667,
      0.6666666666666666,
      0.48484848484848486,
      0.6896551724137931,
      0.41379310344827586,
      0.45161290322580644,
      0.41379310344827586,
      0.5185185185185185,
      0.6060606060606061,
      0.48484848484848486,
      0.4375
    ]
  },
  "val": {
    "loss": [
      0.9164404571056366,
      0.9164170920848846,
      0.9164122492074966,
      0.9164066761732101,
      0.9163939952850342,
      0.9163924604654312,
      0.9163899123668671,
      0.9163816571235657,
      0.9163830131292343,
      0.9163921773433685,
      0.9163944721221924,
      0.9163974523544312,
      0.9164028316736221,
      0.9164115637540817,
      0.9164132326841354,
      0.916405126452446,
      0.9164138287305832
    ],
    "auc": [
      0.34,
      0.36000000000000004,
      0.36000000000000004,
      0.31999999999999995,
      0.31999999999999995,
      0.31999999999999995,
      0.3,
      0.3,
      0.3,
      0.3,
      0.32,
      0.32,
      0.32,
      0.33999999999999997,
      0.33999999999999997,
      0.33999999999999997,
      0.33999999999999997
    ],
    "accuracy": [
      0.6666666666666666,
      0.6666666666666666,
      0.6666666666666666,
      0.6666666666666666,
      0.6666666666666666,
      0.6666666666666666,
      0.6666666666666666,
      0.6666666666666666,
      0.6666666666666666,
      0.6666666666666666,
      0.6666666666666666,
      0.6666666666666666,
      0.6666666666666666,
      0.6666666666666666,
      0.6666666666666666,
      0.6666666666666666,
      0.6666666666666666
    ],
    "f1": [
      0.8,
      0.8,
      0.8,
      0.8,
      0.8,
      0.8,
      0.8,
      0.8,
      0.8,
      0.8,
      0.8,
      0.8,
      0.8,
      0.8,
      0.8,
      0.8,
      0.8
    ]
  }
}