{
  "train": {
    "loss": [
      0.34682416915893555,
      0.3466009919842084,
      0.34576645493507385,
      0.34683044254779816,
      0.34612921128670376,
      0.34572476148605347,
      0.34579290946324664,
      0.3453972140947978,
      0.34643931686878204,
      0.3459518253803253,
      0.34582661588986713,
      0.34596634407838184,
      0.3470046942432721,
      0.3469843864440918,
      0.3452601283788681,
      0.34651045749584836,
      0.34591027597586316,
      0.3450965881347656,
      0.3459203491608302,
      0.34574862321217853,
      0.34689850360155106,
      0.34673237800598145,
      0.34584787984689075,
      0.3459078868230184,
      0.34704749782880145,
      0.34637608875830966,
      0.34585384527842206,
      0.34443625807762146,
      0.34682757159074146,
      0.3448709199825923,
      0.3460800151030223
    ],
    "auc": [
      0.4259259259259259,
      0.4444444444444445,
      0.6759259259259258,
      0.40740740740740744,
      0.5462962962962963,
      0.6574074074074074,
      0.6574074074074074,
      0.6944444444444444,
      0.5,
      0.6296296296296295,
      0.6388888888888888,
      0.6203703703703703,
      0.42592592592592593,
      0.4351851851851852,
      0.7037037037037037,
      0.5185185185185185,
      0.6111111111111112,
      0.7222222222222222,
      0.5925925925925926,
      0.7222222222222222,
      0.46296296296296297,
      0.4722222222222222,
      0.6388888888888888,
      0.5648148148148148,
      0.40740740740740744,
      0.5555555555555556,
      0.5462962962962963,
      0.8611111111111112,
      0.5277777777777778,
      0.7777777777777778,
      0.6111111111111112
    ],
    "accuracy": [
      0.625,
      0.7083333333333334,
      0.7083333333333334,
      0.5833333333333334,
      0.625,
      0.7083333333333334,
      0.6666666666666666,
      0.75,
      0.625,
      0.7083333333333334,
      0.7083333333333334,
      0.75,
      0.75,
      0.625,
      0.75,
      0.6666666666666666,
      0.7916666666666666,
      0.7083333333333334,
      0.7083333333333334,
      0.7083333333333334,
      0.7083333333333334,
      0.75,
      0.7083333333333334,
      0.7916666666666666,
      0.625,
      0.7083333333333334,
      0.6666666666666666,
      0.75,
      0.7083333333333334,
      0.7916666666666666,
      0.6666666666666666
    ],
    "f1": [
      0.7567567567567568,
      0.8292682926829268,
      0.8108108108108109,
      0.7368421052631579,
      0.7428571428571429,
      0.8108108108108109,
      0.7894736842105263,
      0.8333333333333334,
      0.7567567567567568,
      0.8,
      0.8205128205128205,
      0.85,
      0.85,
      0.7567567567567568,
      0.8235294117647058,
      0.8,
      0.8648648648648649,
      0.8,
      0.8205128205128205,
      0.8292682926829268,
      0.8205128205128205,
      0.85,
      0.8292682926829268,
      0.8780487804878049,
      0.7692307692307693,
      0.8205128205128205,
      0.8,
      0.8421052631578947,
      0.8108108108108109,
      0.8648648648648649,
      0.8
    ]
  },
  "val": {
    "loss": [
      0.5426873366038004,
      0.5426799158255259,
      0.542676568031311,
      0.542670746644338,
      0.5426702996095022,
      0.5426629781723022,
      0.5426587164402008,
      0.5426586866378784,
      0.5426644285519918,
      0.5426707863807678,
      0.5426753660043081,
      0.542671799659729,
      0.5426709453264872,
      0.5426663359006246,
      0.5426650742689768,
      0.5426638821760813,
      0.5426658193270365,
      0.5426650842030843,
      0.5426536301771799,
      0.5426525076230367,
      0.5426504015922546,
      0.5426370104153951,
      0.5426296095053355,
      0.5426310002803802,
      0.5426284770170847,
      0.5426239868005117,
      0.5426243841648102,
      0.5426287849744161,
      0.5426270266373953,
      0.5426222582658132,
      0.5426248709360758
    ],
    "auc": [
      0.5625,
      0.5625,
      0.5625,
      0.53125,
      0.53125,
      0.53125,
      0.53125,
      0.5625,
      0.5625,
      0.5625,
      0.59375,
      0.59375,
      0.59375,
      0.59375,
      0.59375,
      0.625,
      0.625,
      0.625,
      0.625,
      0.625,
      0.65625,
      0.65625,
      0.65625,
      0.65625,
      0.65625,
      0.65625,
      0.625,
      0.625,
      0.625,
      0.625,
      0.625
    ],
    "accuracy": [
      0.3333333333333333,
      0.3333333333333333,
      0.3333333333333333,
      0.3333333333333333,
      0.3333333333333333,
      0.3333333333333333,
      0.3333333333333333,
      0.3333333333333333,
      0.3333333333333333,
      0.3333333333333333,
      0.3333333333333333,
      0.3333333333333333,
      0.3333333333333333,
      0.3333333333333333,
      0.3333333333333333,
      0.3333333333333333,
      0.3333333333333333,
      0.3333333333333333,
      0.3333333333333333,
      0.3333333333333333,
      0.3333333333333333,
      0.3333333333333333,
      0.3333333333333333,
      0.3333333333333333,
      0.3333333333333333,
      0.3333333333333333,
      0.3333333333333333,
      0.3333333333333333,
      0.3333333333333333,
      0.3333333333333333,
      0.3333333333333333
    ],
    "f1": [
      0.5,
      0.5,
      0.5,
      0.5,
      0.5,
      0.5,
      0.5,
      0.5,
      0.5,
      0.5,
      0.5,
      0.5,
      0.5,
      0.5,
      0.5,
      0.5,
      0.5,
      0.5,
      0.5,
      0.5,
      0.5,
      0.5,
      0.5,
      0.5,
      0.5,
      0.5,
      0.5,
      0.5,
      0.5,
      0.5,
      0.5
    ]
  }
}