{
  "mean": {
    "auc": 0.4636363636363637,
    "accuracy": 0.5555555555555556,
    "f1": 0.7108753315649867,
    "precision": 0.5555555555555556,
    "recall": 1.0
  },
  "std": {
    "auc": 0.14347367942794523,
    "accuracy": 0.07856742013183865,
    "f1": 0.06752213295150053,
    "precision": 0.07856742013183865,
    "recall": 0.0
  },
  "all_folds": [
    {
      "auc": 0.4415584415584416,
      "accuracy": 0.6111111111111112,
      "f1": 0.7586206896551724,
      "precision": 0.6111111111111112,
      "recall": 1.0
    },
    {
      "auc": 0.30000000000000004,
      "accuracy": 0.4444444444444444,
      "f1": 0.6153846153846154,
      "precision": 0.4444444444444444,
      "recall": 1.0
    },
    {
      "auc": 0.6493506493506493,
      "accuracy": 0.6111111111111112,
      "f1": 0.7586206896551724,
      "precision": 0.6111111111111112,
      "recall": 1.0
    }
  ]
}