{
  "train": {
    "loss": [
      0.576740582784017,
      0.5794539650281271,
      0.5763215025266012,
      0.5758736729621887,
      0.5782682696978251,
      0.57880832751592,
      0.5789921879768372,
      0.5783047874768575,
      0.5779337485631307,
      0.5789221525192261,
      0.5786181489626566
    ],
    "auc": [
      0.6285714285714286,
      0.34285714285714286,
      0.5714285714285714,
      0.6,
      0.37142857142857144,
      0.34285714285714286,
      0.3142857142857143,
      0.45714285714285713,
      0.48571428571428565,
      0.3714285714285714,
      0.5142857142857142
    ],
    "accuracy": [
      0.6666666666666666,
      0.25,
      0.6666666666666666,
      0.6666666666666666,
      0.4166666666666667,
      0.5833333333333334,
      0.3333333333333333,
      0.5833333333333334,
      0.5,
      0.25,
      0.5833333333333334
    ],
    "f1": [
      0.7777777777777778,
      0.4,
      0.75,
      0.75,
      0.5882352941176471,
      0.7058823529411765,
      0.5,
      0.7368421052631579,
      0.6666666666666666,
      0.4,
      0.7368421052631579
    ]
  },
  "val": {
    "loss": [
      0.6209473609924316,
      0.6209302842617035,
      0.6209141910076141,
      0.6209026277065277,
      0.6208897233009338,
      0.6208722591400146,
      0.6208568215370178,
      0.6208438575267792,
      0.620832085609436,
      0.6208165884017944,
      0.6208006143569946
    ],
    "auc": [
      0.33333333333333337,
      0.33333333333333337,
      0.33333333333333337,
      0.33333333333333337,
      0.33333333333333337,
      0.33333333333333337,
      0.33333333333333337,
      0.33333333333333337,
      0.33333333333333337,
      0.33333333333333337,
      0.33333333333333337
    ],
    "accuracy": [
      0.5,
      0.5,
      0.5,
      0.5,
      0.5,
      0.5,
      0.5,
      0.5,
      0.5,
      0.5,
      0.5
    ],
    "f1": [
      0.6666666666666666,
      0.6666666666666666,
      0.6666666666666666,
      0.6666666666666666,
      0.6666666666666666,
      0.6666666666666666,
      0.6666666666666666,
      0.6666666666666666,
      0.6666666666666666,
      0.6666666666666666,
      0.6666666666666666
    ]
  }
}