{
  "train": {
    "loss": [
      0.6320847123861313,
      0.6497568339109421,
      0.648640587925911,
      0.6460109949111938,
      0.6504231095314026,
      0.6486344933509827,
      0.647611454129219,
      0.6309484094381332,
      0.6486670970916748,
      0.6335749626159668,
      0.63139608502388
    ],
    "auc": [
      0.5714285714285714,
      0.33333333333333337,
      0.35714285714285715,
      0.6904761904761905,
      0.2857142857142857,
      0.38095238095238093,
      0.40476190476190477,
      0.4285714285714286,
      0.5,
      0.2857142857142857,
      0.6428571428571428
    ],
    "accuracy": [
      0.46153846153846156,
      0.46153846153846156,
      0.46153846153846156,
      0.46153846153846156,
      0.46153846153846156,
      0.5384615384615384,
      0.46153846153846156,
      0.5384615384615384,
      0.46153846153846156,
      0.46153846153846156,
      0.46153846153846156
    ],
    "f1": [
      0.0,
      0.0,
      0.0,
      0.0,
      0.2222222222222222,
      0.25,
      0.0,
      0.25,
      0.0,
      0.0,
      0.0
    ]
  },
  "val": {
    "loss": [
      0.6607285737991333,
      0.6607255041599274,
      0.660721629858017,
      0.6607151925563812,
      0.6607065200805664,
      0.6606997549533844,
      0.6606930196285248,
      0.6606886684894562,
      0.6606855094432831,
      0.6606778502464294,
      0.6606735587120056
    ],
    "auc": [
      0.5,
      0.5,
      0.5,
      0.5,
      0.5,
      0.5,
      0.5,
      0.5,
      0.5,
      0.5,
      0.5
    ],
    "accuracy": [
      0.7142857142857143,
      0.7142857142857143,
      0.7142857142857143,
      0.7142857142857143,
      0.7142857142857143,
      0.7142857142857143,
      0.7142857142857143,
      0.7142857142857143,
      0.7142857142857143,
      0.7142857142857143,
      0.7142857142857143
    ],
    "f1": [
      0.0,
      0.0,
      0.0,
      0.0,
      0.0,
      0.0,
      0.0,
      0.0,
      0.0,
      0.0,
      0.0
    ]
  }
}