{
  "train": {
    "loss": [
      0.8671920150518417,
      0.9354095757007599,
      0.868649810552597,
      0.9344809353351593,
      0.8676217198371887,
      0.9376051425933838,
      0.8990900218486786,
      0.9038858413696289,
      0.8669744580984116,
      0.8645894378423691,
      0.8693137913942337
    ],
    "auc": [
      0.5333333333333333,
      0.4000000000000001,
      0.35555555555555557,
      0.4444444444444445,
      0.3555555555555556,
      0.31111111111111117,
      0.6222222222222222,
      0.2888888888888889,
      0.6222222222222222,
      0.7111111111111111,
      0.3333333333333333
    ],
    "accuracy": [
      0.35714285714285715,
      0.35714285714285715,
      0.42857142857142855,
      0.35714285714285715,
      0.42857142857142855,
      0.42857142857142855,
      0.5,
      0.35714285714285715,
      0.42857142857142855,
      0.42857142857142855,
      0.35714285714285715
    ],
    "f1": [
      0.47058823529411764,
      0.5263157894736842,
      0.5555555555555556,
      0.47058823529411764,
      0.5555555555555556,
      0.5555555555555556,
      0.5882352941176471,
      0.5263157894736842,
      0.5555555555555556,
      0.5,
      0.5263157894736842
    ]
  },
  "val": {
    "loss": [
      0.9894935488700867,
      0.9895152747631073,
      0.9895312190055847,
      0.9895462393760681,
      0.989559143781662,
      0.9895741939544678,
      0.9895907640457153,
      0.9896073937416077,
      0.9896254241466522,
      0.9896404147148132,
      0.989658385515213
    ],
    "auc": [
      0.41666666666666663,
      0.41666666666666663,
      0.41666666666666663,
      0.41666666666666663,
      0.41666666666666663,
      0.41666666666666663,
      0.41666666666666663,
      0.41666666666666663,
      0.41666666666666663,
      0.41666666666666663,
      0.41666666666666663
    ],
    "accuracy": [
      0.5714285714285714,
      0.5714285714285714,
      0.5714285714285714,
      0.5714285714285714,
      0.5714285714285714,
      0.5714285714285714,
      0.5714285714285714,
      0.5714285714285714,
      0.5714285714285714,
      0.5714285714285714,
      0.5714285714285714
    ],
    "f1": [
      0.7272727272727273,
      0.7272727272727273,
      0.7272727272727273,
      0.7272727272727273,
      0.7272727272727273,
      0.7272727272727273,
      0.7272727272727273,
      0.7272727272727273,
      0.7272727272727273,
      0.7272727272727273,
      0.7272727272727273
    ]
  }
}