{
  "train": {
    "loss": [
      0.692554045182008,
      0.6939051678547492,
      0.6934212675461402,
      0.6927167773246765,
      0.6930624223672427,
      0.6929070422282586,
      0.6931651968222398,
      0.6920381325941819,
      0.6931937726644369,
      0.6945793284819677,
      0.6943152248859406,
      0.6922850242027869,
      0.6940973538618821,
      0.6935960329495944,
      0.6935605979882754,
      0.694428033553637,
      0.69181561928529,
      0.6933805484038132,
      0.6945605186315683,
      0.6932851190750415,
      0.6902998525362748,
      0.6923030912876129,
      0.6928163950259869,
      0.6907946054752057,
      0.6946846475967994,
      0.6935442135884211,
      0.6936509884320773,
      0.6929080211199247,
      0.6925347814193139,
      0.694187554029318,
      0.6929400219367101,
      0.6938388851972727,
      0.6932812585280492,
      0.6949861806172591,
      0.6938832952426031,
      0.6921022763619056,
      0.6924590720580175,
      0.6926706181122706,
      0.694552515561764,
      0.6920859401042645,
      0.6928923771931574,
      0.6931704534934118,
      0.6933924234830416,
      0.6926817435484666,
      0.6932672927012811,
      0.6928485127595755,
      0.6931274418647473,
      0.6909799025608943,
      0.6930408042210799,
      0.6928534714075235,
      0.6926743273551648,
      0.6929821326182439,
      0.6918655312978305,
      0.6909888134552882,
      0.6927756254489605,
      0.6908946472864884,
      0.692993870148292,
      0.6929536301356095,
      0.69308674793977,
      0.6932483682265649
    ],
    "auc": [
      0.544405997693195,
      0.4605920799692426,
      0.46597462514417537,
      0.5640138408304499,
      0.5078815840061515,
      0.532487504805844,
      0.5146097654748174,
      0.5413302575932334,
      0.4982698961937716,
      0.4002306805074971,
      0.43790849673202614,
      0.5567089580930411,
      0.46136101499423304,
      0.4678969627066513,
      0.4882737408688966,
      0.4444444444444445,
      0.5655517108804305,
      0.48865820838139173,
      0.4340638216070742,
      0.5036524413687044,
      0.6793540945790081,
      0.5667051134179163,
      0.5040369088811996,
      0.6270665128796616,
      0.4202229911572472,
      0.49942329873125724,
      0.46020761245674746,
      0.5520953479430988,
      0.564398308342945,
      0.4359861591695502,
      0.5371011149557862,
      0.4682814302191464,
      0.49903883121876197,
      0.4075355632449058,
      0.47597078046905034,
      0.5428681276432141,
      0.5336409073433295,
      0.5420991926182237,
      0.4167627835447905,
      0.5555555555555556,
      0.5167243367935409,
      0.48096885813148793,
      0.49519415609381007,
      0.536716647443291,
      0.49673202614379086,
      0.5509419454056133,
      0.5271049596309112,
      0.657439446366782,
      0.49250288350634375,
      0.5486351403306421,
      0.5101883890811226,
      0.509034986543637,
      0.552479815455594,
      0.623606305267205,
      0.5494040753556324,
      0.6270665128796616,
      0.497116493656286,
      0.5190311418685121,
      0.4828911956939639,
      0.5005767012687428
    ],
    "accuracy": [
      0.5196078431372549,
      0.45098039215686275,
      0.47058823529411764,
      0.5294117647058824,
      0.5196078431372549,
      0.4803921568627451,
      0.45098039215686275,
      0.5784313725490197,
      0.49019607843137253,
      0.4019607843137255,
      0.43137254901960786,
      0.5392156862745098,
      0.49019607843137253,
      0.49019607843137253,
      0.4803921568627451,
      0.49019607843137253,
      0.5490196078431373,
      0.5686274509803921,
      0.4803921568627451,
      0.5196078431372549,
      0.6078431372549019,
      0.4803921568627451,
      0.49019607843137253,
      0.5588235294117647,
      0.46078431372549017,
      0.5294117647058824,
      0.46078431372549017,
      0.5,
      0.5098039215686274,
      0.45098039215686275,
      0.5098039215686274,
      0.5,
      0.5196078431372549,
      0.4411764705882353,
      0.5196078431372549,
      0.5490196078431373,
      0.5098039215686274,
      0.5294117647058824,
      0.49019607843137253,
      0.5588235294117647,
      0.5490196078431373,
      0.45098039215686275,
      0.5098039215686274,
      0.5392156862745098,
      0.5392156862745098,
      0.46078431372549017,
      0.5392156862745098,
      0.5784313725490197,
      0.43137254901960786,
      0.5784313725490197,
      0.5,
      0.5196078431372549,
      0.5,
      0.5686274509803921,
      0.47058823529411764,
      0.5686274509803921,
      0.4803921568627451,
      0.49019607843137253,
      0.46078431372549017,
      0.47058823529411764
    ],
    "f1": [
      0.631578947368421,
      0.6,
      0.5846153846153846,
      0.6521739130434783,
      0.631578947368421,
      0.6131386861313869,
      0.5757575757575758,
      0.6766917293233082,
      0.5873015873015873,
      0.512,
      0.5606060606060606,
      0.6466165413533834,
      0.6231884057971014,
      0.6119402985074627,
      0.6074074074074074,
      0.6285714285714286,
      0.6666666666666666,
      0.6716417910447762,
      0.6074074074074074,
      0.631578947368421,
      0.6875,
      0.5954198473282443,
      0.6119402985074627,
      0.6564885496183206,
      0.5864661654135338,
      0.6363636363636364,
      0.5925925925925926,
      0.6330935251798561,
      0.6268656716417911,
      0.5555555555555556,
      0.6376811594202898,
      0.6106870229007634,
      0.6423357664233577,
      0.583941605839416,
      0.6423357664233577,
      0.6617647058823529,
      0.6031746031746031,
      0.6521739130434783,
      0.6176470588235294,
      0.6715328467153284,
      0.6515151515151515,
      0.582089552238806,
      0.6212121212121212,
      0.6299212598425197,
      0.6618705035971223,
      0.5864661654135338,
      0.6356589147286822,
      0.6814814814814815,
      0.5735294117647058,
      0.6614173228346457,
      0.6165413533834586,
      0.631578947368421,
      0.6165413533834586,
      0.6716417910447762,
      0.6197183098591549,
      0.6811594202898551,
      0.6074074074074074,
      0.6176470588235294,
      0.5985401459854015,
      0.6197183098591549
    ]
  },
  "val": {
    "loss": [
      0.6926842927932739,
      0.6926777637921847,
      0.6926701940022982,
      0.692649089373075,
      0.6926403366602384,
      0.6926335646555974,
      0.6926418955509479,
      0.6926309833159814,
      0.6926166919561533,
      0.6926100941804739,
      0.6926067884151752,
      0.6926072423274701,
      0.6925940330211933,
      0.6925849914550781,
      0.6925894526334909,
      0.6925938863020676,
      0.6925927171340356,
      0.6925935745239258,
      0.6925906538963318,
      0.6925907593507034,
      0.6925888015673711,
      0.6925901953990643,
      0.6925808237149165,
      0.6925788200818576,
      0.6925705900559058,
      0.6925670733818641,
      0.6925586278621967,
      0.6925538411507239,
      0.6925422457548288,
      0.6925420256761404,
      0.6925357029988215,
      0.6925395268660325,
      0.6925382201488202,
      0.6925287017455468,
      0.6925391508982732,
      0.6925354416553791,
      0.6925272162144,
      0.6925292198474591,
      0.6925339836340684,
      0.6925317369974576,
      0.6925173860329848,
      0.6925151577362647,
      0.6925067626512967,
      0.6925070239947393,
      0.6924973359474769,
      0.6924987710439242,
      0.6924994312799894,
      0.6924900183310876,
      0.6924759195401118,
      0.6924614998010489,
      0.6924697481668912,
      0.6924667816895705,
      0.6924524994996878,
      0.6924411195975083,
      0.6924335956573486,
      0.6924197857196515,
      0.6924208723581754,
      0.6924140545038077,
      0.6924195977357718,
      0.692404371041518
    ],