{
  "mean": {
    "auc": 0.39814814814814814,
    "accuracy": 0.4074074074074074,
    "f1": 0.4102564102564103,
    "precision": 0.2962962962962963,
    "recall": 0.6666666666666666
  },
  "std": {
    "auc": 0.03857901232592532,
    "accuracy": 0.05237828008789241,
    "f1": 0.290095089717558,
    "precision": 0.20951312035156963,
    "recall": 0.4714045207910317
  },
  "all_folds": [
    {
      "auc": 0.35,
      "accuracy": 0.4444444444444444,
      "f1": 0.6153846153846154,
      "precision": 0.4444444444444444,
      "recall": 1.0
    },
    {
      "auc": 0.39999999999999997,
      "accuracy": 0.4444444444444444,
      "f1": 0.6153846153846154,
      "precision": 0.4444444444444444,
      "recall": 1.0
    },
    {
      "auc": 0.4444444444444445,
      "accuracy": 0.3333333333333333,
      "f1": 0.0,
      "precision": 0.0,
      "recall": 0.0
    }
  ]
}