{
  "mean": {
    "auc": 0.7155555555555555,
    "accuracy": 0.41111111111111115,
    "f1": 0.41269841269841273,
    "precision": 0.3,
    "recall": 0.6666666666666666
  },
  "std": {
    "auc": 0.21508539791222867,
    "accuracy": 0.06849348892187752,
    "f1": 0.29440058715859374,
    "precision": 0.21602468994692867,
    "recall": 0.4714045207910317
  },
  "all_folds": [
    {
      "auc": 1.0,
      "accuracy": 0.4,
      "f1": 0.5714285714285714,
      "precision": 0.4,
      "recall": 1.0
    },
    {
      "auc": 0.48,
      "accuracy": 0.5,
      "f1": 0.6666666666666666,
      "precision": 0.5,
      "recall": 1.0
    },
    {
      "auc": 0.6666666666666666,
      "accuracy": 0.3333333333333333,
      "f1": 0.0,
      "precision": 0.0,
      "recall": 0.0
    }
  ]
}