{
  "train": {
    "loss": [
      0.7397677451372147,
      0.7547296732664108,
      0.7412113100290298,
      0.7401470839977264,
      0.7427345812320709,
      0.7573312222957611,
      0.7381836920976639,
      0.7361957430839539,
      0.7593528628349304,
      0.7392051517963409,
      0.759046882390976
    ],
    "auc": [
      0.5,
      0.5476190476190477,
      0.2857142857142858,
      0.2857142857142857,
      0.21428571428571427,
      0.4285714285714286,
      0.3095238095238096,
      0.5952380952380952,
      0.5714285714285714,
      0.3333333333333333,
      0.5238095238095238
    ],
    "accuracy": [
      0.46153846153846156,
      0.5384615384615384,
      0.46153846153846156,
      0.46153846153846156,
      0.38461538461538464,
      0.38461538461538464,
      0.3076923076923077,
      0.5384615384615384,
      0.46153846153846156,
      0.3076923076923077,
      0.46153846153846156
    ],
    "f1": [
      0.5882352941176471,
      0.625,
      0.631578947368421,
      0.631578947368421,
      0.5,
      0.5,
      0.4,
      0.6666666666666666,
      0.5333333333333333,
      0.47058823529411764,
      0.5333333333333333
    ]
  },
  "val": {
    "loss": [
      0.7630884051322937,
      0.7630838751792908,
      0.7630681097507477,
      0.7630584836006165,
      0.763046145439148,
      0.7630364298820496,
      0.7630267441272736,
      0.7630224823951721,
      0.7630202174186707,
      0.7630120515823364,
      0.7630071043968201
    ],
    "auc": [
      0.25,
      0.25,
      0.25,
      0.25,
      0.25,
      0.25,
      0.25,
      0.25,
      0.25,
      0.25,
      0.25
    ],
    "accuracy": [
      0.6666666666666666,
      0.6666666666666666,
      0.6666666666666666,
      0.6666666666666666,
      0.6666666666666666,
      0.6666666666666666,
      0.6666666666666666,
      0.6666666666666666,
      0.6666666666666666,
      0.6666666666666666,
      0.6666666666666666
    ],
    "f1": [
      0.8,
      0.8,
      0.8,
      0.8,
      0.8,
      0.8,
      0.8,
      0.8,
      0.8,
      0.8,
      0.8
    ]
  }
}