{
  "train": {
    "loss": [
      0.6917460475649152,
      0.6945106131689889,
      0.6911655749593463,
      0.6932381817272731,
      0.6925964525767735,
      0.6932087455477033,
      0.6916749903133937,
      0.6939870544842311,
      0.6927573084831238,
      0.6937973754746574,
      0.6935280391148159
    ],
    "auc": [
      0.6035502958579881,
      0.3076923076923077,
      0.7988165680473372,
      0.5621301775147929,
      0.6331360946745562,
      0.47928994082840237,
      0.7278106508875739,
      0.40236686390532544,
      0.5798816568047338,
      0.4319526627218935,
      0.3668639053254438
    ],
    "accuracy": [
      0.4230769230769231,
      0.3076923076923077,
      0.7307692307692307,
      0.5384615384615384,
      0.6153846153846154,
      0.46153846153846156,
      0.6538461538461539,
      0.46153846153846156,
      0.6153846153846154,
      0.5384615384615384,
      0.34615384615384615
    ],
    "f1": [
      0.34782608695652173,
      0.1,
      0.6666666666666666,
      0.4,
      0.6153846153846154,
      0.4166666666666667,
      0.5714285714285714,
      0.4166666666666667,
      0.5454545454545454,
      0.45454545454545453,
      0.19047619047619047
    ]
  },
  "val": {
    "loss": [
      0.6936230808496475,
      0.6936258971691132,
      0.6936241686344147,
      0.6936284601688385,
      0.6936319917440414,
      0.6936301589012146,
      0.6936273574829102,
      0.6936210989952087,
      0.6936111599206924,
      0.6936079412698746,
      0.6936068683862686
    ],
    "auc": [
      0.5555555555555556,
      0.5555555555555556,
      0.5333333333333333,
      0.5333333333333333,
      0.5333333333333333,
      0.5555555555555556,
      0.5333333333333333,
      0.5333333333333333,
      0.5333333333333333,
      0.5555555555555556,
      0.5555555555555556
    ],
    "accuracy": [
      0.35714285714285715,
      0.35714285714285715,
      0.35714285714285715,
      0.35714285714285715,
      0.35714285714285715,
      0.35714285714285715,
      0.35714285714285715,
      0.35714285714285715,
      0.35714285714285715,
      0.35714285714285715,
      0.35714285714285715
    ],
    "f1": [
      0.0,
      0.0,
      0.0,
      0.0,
      0.0,
      0.0,
      0.0,
      0.0,
      0.0,
      0.0,
      0.0
    ]
  }
}