{
  "train": {
    "loss": [
      0.6373980343341827,
      0.6358915468056997,
      0.6324078540007273,
      0.6366264820098877,
      0.6346911986668905,
      0.6369615097840627,
      0.6389929751555125,
      0.6352526644865671,
      0.6378931403160095,
      0.6326453983783722,
      0.6349280377229055
    ],
    "auc": [
      0.3706293706293706,
      0.47552447552447563,
      0.7202797202797203,
      0.4335664335664336,
      0.5314685314685315,
      0.38461538461538464,
      0.16083916083916083,
      0.4755244755244755,
      0.29370629370629375,
      0.7062937062937064,
      0.5664335664335665
    ],
    "accuracy": [
      0.5,
      0.4166666666666667,
      0.7083333333333334,
      0.4583333333333333,
      0.5416666666666666,
      0.5,
      0.375,
      0.5416666666666666,
      0.4583333333333333,
      0.625,
      0.5833333333333334
    ],
    "f1": [
      0.625,
      0.5882352941176471,
      0.7741935483870968,
      0.6285714285714286,
      0.6857142857142857,
      0.625,
      0.5454545454545454,
      0.6666666666666666,
      0.6060606060606061,
      0.7272727272727273,
      0.6666666666666666
    ]
  },
  "val": {
    "loss": [
      0.630699356396993,
      0.6307006478309631,
      0.630702535311381,
      0.6307065089543661,
      0.6307105620702108,
      0.6307103832562765,
      0.6307170987129211,
      0.630720853805542,
      0.6307209332784017,
      0.6307185490926107,
      0.6307189067204794
    ],
    "auc": [
      0.2571428571428571,
      0.2571428571428571,
      0.2571428571428571,
      0.2571428571428571,
      0.2571428571428571,
      0.2571428571428571,
      0.2571428571428571,
      0.2571428571428571,
      0.2571428571428571,
      0.2571428571428571,
      0.2571428571428571
    ],
    "accuracy": [
      0.5833333333333334,
      0.5833333333333334,
      0.5833333333333334,
      0.5833333333333334,
      0.5833333333333334,
      0.5833333333333334,
      0.5833333333333334,
      0.5833333333333334,
      0.5833333333333334,
      0.5833333333333334,
      0.5833333333333334
    ],
    "f1": [
      0.7368421052631579,
      0.7368421052631579,
      0.7368421052631579,
      0.7368421052631579,
      0.7368421052631579,
      0.7368421052631579,
      0.7368421052631579,
      0.7368421052631579,
      0.7368421052631579,
      0.7368421052631579,
      0.7368421052631579
    ]
  }
}