{
  "mean": {
    "auc": 0.4991466261451727,
    "accuracy": 0.528187134502924,
    "f1": 0.6882658359293873,
    "precision": 0.528187134502924,
    "recall": 1.0
  },
  "std": {
    "auc": 0.07902337197551429,
    "accuracy": 0.07178581123624833,
    "f1": 0.06373506605087469,
    "precision": 0.07178581123624833,
    "recall": 0.0
  },
  "all_folds": [
    {
      "auc": 0.4176136363636364,
      "accuracy": 0.5789473684210527,
      "f1": 0.7333333333333333,
      "precision": 0.5789473684210527,
      "recall": 1.0
    },
    {
      "auc": 0.47372159090909094,
      "accuracy": 0.5789473684210527,
      "f1": 0.7333333333333333,
      "precision": 0.5789473684210527,
      "recall": 1.0
    },
    {
      "auc": 0.6061046511627907,
      "accuracy": 0.4266666666666667,
      "f1": 0.5981308411214953,
      "precision": 0.4266666666666667,
      "recall": 1.0
    }
  ]
}