{
  "train": {
    "loss": [
      0.5757910907268524,
      0.5766361951828003,
      0.5779253244400024,
      0.5796654125054678,
      0.575366199016571,
      0.5776873826980591,
      0.5769519209861755,
      0.5780610144138336,
      0.5746586521466573,
      0.579652726650238,
      0.5764206449190775
    ],
    "auc": [
      0.6285714285714286,
      0.6285714285714286,
      0.42857142857142855,
      0.2857142857142857,
      0.8,
      0.4857142857142857,
      0.5142857142857142,
      0.4571428571428571,
      0.7428571428571428,
      0.22857142857142854,
      0.6285714285714286
    ],
    "accuracy": [
      0.5833333333333334,
      0.5,
      0.5,
      0.4166666666666667,
      0.6666666666666666,
      0.5833333333333334,
      0.5,
      0.3333333333333333,
      0.6666666666666666,
      0.4166666666666667,
      0.4166666666666667
    ],
    "f1": [
      0.7058823529411765,
      0.625,
      0.625,
      0.5333333333333333,
      0.7777777777777778,
      0.7368421052631579,
      0.625,
      0.5,
      0.75,
      0.5333333333333333,
      0.36363636363636365
    ]
  },
  "val": {
    "loss": [
      0.5963829755783081,
      0.5963834822177887,
      0.5963857471942902,
      0.5963876247406006,
      0.5963877439498901,
      0.59638711810112,
      0.5963869690895081,
      0.5963858664035797,
      0.5963853299617767,
      0.5963823199272156,
      0.5963824987411499
    ],
    "auc": [
      0.33333333333333337,
      0.33333333333333337,
      0.22222222222222224,
      0.22222222222222224,
      0.22222222222222224,
      0.22222222222222224,
      0.22222222222222224,
      0.22222222222222224,
      0.22222222222222224,
      0.22222222222222224,
      0.22222222222222224
    ],
    "accuracy": [
      0.5,
      0.5,
      0.5,
      0.5,
      0.5,
      0.5,
      0.5,
      0.5,
      0.5,
      0.5,
      0.5
    ],
    "f1": [
      0.6666666666666666,
      0.6666666666666666,
      0.6666666666666666,
      0.6666666666666666,
      0.6666666666666666,
      0.6666666666666666,
      0.6666666666666666,
      0.6666666666666666,
      0.6666666666666666,
      0.6666666666666666,
      0.6666666666666666
    ]
  }
}