{
  "mean": {
    "auc": 0.5916666666666667,
    "accuracy": 0.39999999999999997,
    "f1": 0.34920634920634924,
    "precision": 0.2518518518518518,
    "recall": 0.6666666666666666
  },
  "std": {
    "auc": 0.06561673228343176,
    "accuracy": 0.14851805670935866,
    "f1": 0.291821846203972,
    "precision": 0.22974907287808627,
    "recall": 0.4714045207910317
  },
  "all_folds": [
    {
      "auc": 0.625,
      "accuracy": 0.2,
      "f1": 0.3333333333333333,
      "precision": 0.2,
      "recall": 1.0
    },
    {
      "auc": 0.5,
      "accuracy": 0.5555555555555556,
      "f1": 0.7142857142857143,
      "precision": 0.5555555555555556,
      "recall": 1.0
    },
    {
      "auc": 0.65,
      "accuracy": 0.4444444444444444,
      "f1": 0.0,
      "precision": 0.0,
      "recall": 0.0
    }
  ]
}