{
  "train": {
    "loss": [
      0.6942634979883829,
      0.6921508113543192,
      0.6935243606567383,
      0.6928198337554932,
      0.6913866698741913,
      0.6939139564832052,
      0.6928788522879282,
      0.6921389102935791,
      0.692785898844401,
      0.6915995478630066,
      0.6931434373060862,
      0.6941921710968018
    ],
    "auc": [
      0.32638888888888884,
      0.625,
      0.45138888888888884,
      0.5555555555555556,
      0.7152777777777778,
      0.3611111111111111,
      0.5486111111111112,
      0.6458333333333334,
      0.5,
      0.7638888888888888,
      0.4930555555555556,
      0.3194444444444444
    ],
    "accuracy": [
      0.4166666666666667,
      0.5833333333333334,
      0.5833333333333334,
      0.5416666666666666,
      0.625,
      0.5,
      0.5833333333333334,
      0.625,
      0.625,
      0.5833333333333334,
      0.6666666666666666,
      0.375
    ],
    "f1": [
      0.36363636363636365,
      0.5454545454545454,
      0.5454545454545454,
      0.5217391304347826,
      0.6086956521739131,
      0.4,
      0.5833333333333334,
      0.5714285714285714,
      0.5714285714285714,
      0.4444444444444444,
      0.5,
      0.2857142857142857
    ]
  },
  "val": {
    "loss": [
      0.6928213636080424,
      0.6928218205769857,
      0.6928249597549438,
      0.6928250789642334,
      0.6928253372510275,
      0.692821741104126,
      0.6928199132283529,
      0.6928181052207947,
      0.692816416422526,
      0.6928131977717081,
      0.6928112904230753,
      0.6928094426790873
    ],
    "auc": [
      0.5714285714285714,
      0.6285714285714286,
      0.6285714285714286,
      0.6285714285714286,
      0.6285714285714286,
      0.6285714285714286,
      0.6285714285714286,
      0.6285714285714286,
      0.6285714285714286,
      0.6285714285714286,
      0.6285714285714286,
      0.6285714285714286
    ],
    "accuracy": [
      0.5833333333333334,
      0.5833333333333334,
      0.5833333333333334,
      0.5833333333333334,
      0.5833333333333334,
      0.5833333333333334,
      0.5833333333333334,
      0.5833333333333334,
      0.5833333333333334,
      0.5833333333333334,
      0.5833333333333334,
      0.5833333333333334
    ],
    "f1": [
      0.0,
      0.0,
      0.0,
      0.0,
      0.0,
      0.0,
      0.0,
      0.0,
      0.0,
      0.0,
      0.0,
      0.0
    ]
  }
}