{
  "train": {
    "loss": [
      0.6512756422162056,
      0.6463289186358452,
      0.6430558040738106,
      0.6415663585066795,
      0.6450306996703148,
      0.6480929479002953,
      0.6491900384426117,
      0.6510732397437096,
      0.6431791037321091,
      0.6518202051520348,
      0.6452213227748871,
      0.6518577635288239,
      0.6468348950147629,
      0.6529869437217712,
      0.6453334763646126,
      0.647872306406498,
      0.646401658654213,
      0.6477540954947472,
      0.6461011841893196,
      0.6458254158496857,
      0.6453314274549484,
      0.6482887491583824,
      0.6472801864147186,
      0.6456765905022621,
      0.6424962878227234,
      0.6474017426371574,
      0.6486343443393707,
      0.646288275718689,
      0.6498986557126045,
      0.6452465802431107,
      0.64835474640131,
      0.6432848274707794,
      0.647922545671463,
      0.6481641978025436,
      0.6455155983567238,
      0.6512394621968269,
      0.6478669047355652,
      0.6447329819202423,
      0.6478433236479759,
      0.6481028944253922,
      0.6475483998656273,
      0.6536233052611351,
      0.6482524201273918,
      0.6454436853528023,
      0.6485507860779762,
      0.6492743492126465,
      0.6502943560481071,
      0.6486248224973679,
      0.6474211886525154,
      0.646635502576828,
      0.6465474218130112,
      0.6469659432768822,
      0.6480497121810913,
      0.6499870866537094,
      0.6483131349086761
    ],
    "auc": [
      0.38839285714285715,
      0.5580357142857143,
      0.5848214285714286,
      0.6830357142857143,
      0.4330357142857143,
      0.4285714285714286,
      0.3526785714285714,
      0.5044642857142857,
      0.5982142857142857,
      0.3995535714285714,
      0.7321428571428571,
      0.4285714285714286,
      0.5089285714285714,
      0.32142857142857145,
      0.4285714285714286,
      0.45089285714285715,
      0.5669642857142857,
      0.4330357142857143,
      0.3125,
      0.6026785714285714,
      0.375,
      0.3214285714285714,
      0.5535714285714285,
      0.3125,
      0.5982142857142857,
      0.4866071428571428,
      0.4017857142857143,
      0.59375,
      0.5535714285714286,
      0.4017857142857143,
      0.49107142857142855,
      0.5446428571428572,
      0.4241071428571429,
      0.4017857142857143,
      0.6116071428571429,
      0.4107142857142857,
      0.6741071428571429,
      0.45089285714285715,
      0.5133928571428572,
      0.7678571428571429,
      0.5223214285714286,
      0.2767857142857143,
      0.3794642857142857,
      0.6473214285714286,
      0.4419642857142857,
      0.5357142857142857,
      0.47321428571428575,
      0.6964285714285714,
      0.5133928571428572,
      0.5401785714285714,
      0.5714285714285714,
      0.5,
      0.3794642857142857,
      0.5089285714285714,
      0.6919642857142858
    ],
    "accuracy": [
      0.5333333333333333,
      0.5333333333333333,
      0.5333333333333333,
      0.5666666666666667,
      0.5333333333333333,
      0.5333333333333333,
      0.4666666666666667,
      0.5,
      0.5333333333333333,
      0.5333333333333333,
      0.5333333333333333,
      0.5,
      0.4666666666666667,
      0.6,
      0.5666666666666667,
      0.5,
      0.6,
      0.5666666666666667,
      0.4666666666666667,
      0.5333333333333333,
      0.5333333333333333,
      0.4,
      0.5,
      0.5,
      0.5,
      0.4666666666666667,
      0.5333333333333333,
      0.6,
      0.5666666666666667,
      0.5333333333333333,
      0.5,
      0.6,
      0.5333333333333333,
      0.5333333333333333,
      0.5,
      0.4666666666666667,
      0.6,
      0.5333333333333333,
      0.5666666666666667,
      0.5666666666666667,
      0.5333333333333333,
      0.5,
      0.5333333333333333,
      0.6,
      0.4666666666666667,
      0.5,
      0.4666666666666667,
      0.5333333333333333,
      0.5333333333333333,
      0.5333333333333333,
      0.5666666666666667,
      0.5333333333333333,
      0.5333333333333333,
      0.5333333333333333,
      0.5333333333333333
    ],
    "f1": [
      0.6956521739130435,
      0.6956521739130435,
      0.6956521739130435,
      0.7111111111111111,
      0.6818181818181818,
      0.6956521739130435,
      0.6363636363636364,
      0.6666666666666666,
      0.6956521739130435,
      0.6956521739130435,
      0.6956521739130435,
      0.6511627906976745,
      0.6363636363636364,
      0.7272727272727273,
      0.7111111111111111,
      0.6511627906976745,
      0.7272727272727273,
      0.7111111111111111,
      0.6363636363636364,
      0.6818181818181818,
      0.6956521739130435,
      0.55,
      0.6666666666666666,
      0.6666666666666666,
      0.6511627906976745,
      0.6363636363636364,
      0.6818181818181818,
      0.7272727272727273,
      0.7111111111111111,
      0.6818181818181818,
      0.6511627906976745,
      0.7272727272727273,
      0.6956521739130435,
      0.6818181818181818,
      0.6666666666666666,
      0.6190476190476191,
      0.7142857142857143,
      0.6956521739130435,
      0.6829268292682927,
      0.7111111111111111,
      0.6818181818181818,
      0.6666666666666666,
      0.6818181818181818,
      0.7272727272727273,
      0.6190476190476191,
      0.6666666666666666,
      0.6190476190476191,
      0.6956521739130435,
      0.6956521739130435,
      0.6956521739130435,
      0.7111111111111111,
      0.6956521739130435,
      0.6818181818181818,
      0.6818181818181818,
      0.6666666666666666
    ]
  },
  "val": {
    "loss": [
      0.66129170358181,
      0.6612896174192429,
      0.6612879931926727,
      0.6612861156463623,
      0.6612859666347504,
      0.6612820625305176,
      0.6612782180309296,
      0.6612741649150848,
      0.6612686812877655,
      0.6612675935029984,
      0.6612690985202789,
      0.6612681746482849,
      0.6612581610679626,
      0.6612510681152344,
      0.6612421870231628,
      0.6612414866685867,
      0.6612422615289688,
      0.6612376123666763,
      0.6612306982278824,
      0.6612263321876526,
      0.661223977804184,
      0.6612217128276825,
      0.6612192243337631,
      0.6612100601196289,
      0.661207988858223,
      0.6612065136432648,
      0.6611983329057693,
      0.6611942499876022,
      0.6611921191215515,
      0.661182090640068,
      0.661178469657898,
      0.6611723154783249,
      0.661169096827507,
      0.6611668020486832,
      0.661167785525322,
      0.6611679345369339,
      0.6611721217632294,
      0.6611720770597458,
      0.6611733734607697,
      0.6611703932285309,
      0.6611711084842682,
      0.6611706614494324,
      0.6611650735139847,
      0.6611612290143967,
      0.6611587554216385,
      0.6611579656600952,
      0.6611582785844803,
      0.6611614525318146,
      0.6611555367708206,
      0.6611495614051819,
      0.6611530780792236,
      0.6611487716436386,
      0.6611449122428894,
      0.6611433774232864,
      0.6611438989639282
    ],