{
  "train": {
    "loss": [
      0.6466050669550896,
      0.647734023630619,
      0.6446909755468369,
      0.6466774344444275,
      0.6449901163578033,
      0.6442256420850754,
      0.6472825482487679,
      0.6448859572410583,
      0.6466420367360115,
      0.6477245017886162,
      0.6418533697724342,
      0.6464827209711075,
      0.6429915502667427,
      0.6442113071680069,
      0.6412457525730133,
      0.6452122330665588,
      0.6474162638187408,
      0.6452315002679825,
      0.6490913927555084,
      0.6472682133316994,
      0.6453482359647751,
      0.6453917399048805
    ],
    "auc": [
      0.4910714285714286,
      0.3973214285714286,
      0.7142857142857142,
      0.5401785714285714,
      0.4285714285714286,
      0.7410714285714286,
      0.6339285714285714,
      0.6339285714285714,
      0.53125,
      0.4017857142857143,
      0.7388392857142858,
      0.5803571428571428,
      0.7589285714285714,
      0.5625,
      0.7098214285714286,
      0.6428571428571428,
      0.6651785714285714,
      0.6160714285714286,
      0.5357142857142857,
      0.6964285714285714,
      0.7008928571428572,
      0.5803571428571428
    ],
    "accuracy": [
      0.43333333333333335,
      0.4666666666666667,
      0.6,
      0.6,
      0.4666666666666667,
      0.6333333333333333,
      0.5,
      0.6,
      0.5,
      0.4666666666666667,
      0.6333333333333333,
      0.4666666666666667,
      0.6666666666666666,
      0.43333333333333335,
      0.6333333333333333,
      0.5666666666666667,
      0.6,
      0.6,
      0.5,
      0.7333333333333333,
      0.6333333333333333,
      0.5333333333333333
    ],
    "f1": [
      0.41379310344827586,
      0.38461538461538464,
      0.45454545454545453,
      0.5714285714285714,
      0.2727272727272727,
      0.56,
      0.2857142857142857,
      0.5714285714285714,
      0.4,
      0.38461538461538464,
      0.5925925925925926,
      0.3333333333333333,
      0.6153846153846154,
      0.37037037037037035,
      0.6206896551724138,
      0.5185185185185185,
      0.5714285714285714,
      0.5384615384615384,
      0.4827586206896552,
      0.7333333333333333,
      0.5925925925925926,
      0.5333333333333333
    ]
  },
  "val": {
    "loss": [
      0.6590289771556854,
      0.6591104418039322,
      0.6590121537446976,
      0.6589131504297256,
      0.6587572395801544,
      0.6587737500667572,
      0.658687099814415,
      0.6585389524698257,
      0.6584000736474991,
      0.6584306508302689,
      0.6584764420986176,
      0.6585785150527954,
      0.6584847569465637,
      0.6584455668926239,
      0.6583705693483353,
      0.658462405204773,
      0.6583982706069946,
      0.6584528088569641,
      0.658470943570137,
      0.6585103124380112,
      0.6585400998592377,
      0.6584914475679398
    ],
    "auc": [
      0.5,
      0.6111111111111112,
      0.6851851851851852,
      0.6666666666666666,
      0.6666666666666666,
      0.7037037037037037,
      0.7222222222222222,
      0.7222222222222222,
      0.7037037037037037,
      0.7037037037037037,
      0.6481481481481481,
      0.6481481481481481,
      0.6481481481481481,
      0.6481481481481481,
      0.6481481481481481,
      0.6666666666666667,
      0.6666666666666667,
      0.6666666666666667,
      0.6666666666666667,
      0.6481481481481481,
      0.6296296296296297,
      0.6296296296296297
    ],
    "accuracy": [
      0.6,
      0.6,
      0.6,
      0.6,
      0.6,
      0.6,
      0.6,
      0.6,
      0.6,
      0.6,
      0.6,
      0.6,
      0.6,
      0.6,
      0.6,
      0.6,
      0.6,
      0.6,
      0.6,
      0.6,
      0.6,
      0.6
    ],
    "f1": [
      0.0,
      0.0,
      0.0,
      0.0,
      0.0,
      0.0,
      0.0,
      0.0,
      0.0,
      0.0,
      0.0,
      0.0,
      0.0,
      0.0,
      0.0,
      0.0,
      0.0,
      0.25,
      0.25,
      0.25,
      0.25,
      0.25
    ]
  }
}