{
  "train": {
    "loss": [
      0.740504689514637,
      0.7372415736317635,
      0.7410382553935051,
      0.7366266772150993,
      0.734480619430542,
      0.7388296946883202,
      0.742922954261303,
      0.7407043650746346,
      0.7375951930880547,
      0.7389914616942406,
      0.7366582974791527,
      0.7363891825079918,
      0.7396278083324432,
      0.7396174296736717,
      0.7393732517957687,
      0.7405298724770546,
      0.7354635000228882,
      0.7371589317917824,
      0.7448265552520752,
      0.7357924953103065,
      0.7384047210216522,
      0.7417727634310722,
      0.7436515614390373,
      0.7378427907824516,
      0.7423800155520439,
      0.7379426509141922,
      0.738543301820755,
      0.7355535551905632,
      0.7367386892437935,
      0.7368595227599144,
      0.7338515818119049,
      0.7379242777824402,
      0.7368747591972351,
      0.7347600534558296,
      0.7446679249405861,
      0.7367421686649323,
      0.7353008016943932,
      0.736957736313343,
      0.7386893182992935,
      0.7335610538721085,
      0.7453183382749557,
      0.7393813580274582,
      0.7358614355325699,
      0.7390790209174156,
      0.7415811717510223,
      0.7355467528104782,
      0.7375819534063339,
      0.7400625422596931,
      0.7395917102694511,
      0.738872617483139,
      0.7408989667892456,
      0.7367681860923767,
      0.7380296438932419,
      0.7381812408566475,
      0.7364034578204155,
      0.7360280826687813,
      0.7381711825728416,
      0.7332538366317749,
      0.7402554452419281,
      0.7379031553864479,
      0.7402981817722321,
      0.7402475401759148,
      0.7354148924350739
    ],
    "auc": [
      0.4330357142857143,
      0.4017857142857143,
      0.4107142857142857,
      0.5,
      0.6160714285714285,
      0.5401785714285714,
      0.5223214285714285,
      0.4375,
      0.43303571428571425,
      0.5401785714285714,
      0.5,
      0.4821428571428571,
      0.5,
      0.5223214285714286,
      0.5446428571428572,
      0.4732142857142857,
      0.5178571428571428,
      0.59375,
      0.20535714285714285,
      0.5669642857142857,
      0.6160714285714286,
      0.3839285714285714,
      0.3705357142857143,
      0.46428571428571425,
      0.5401785714285714,
      0.46875,
      0.6160714285714286,
      0.5044642857142857,
      0.6919642857142857,
      0.6964285714285714,
      0.7008928571428571,
      0.5669642857142857,
      0.5089285714285714,
      0.6205357142857142,
      0.3348214285714286,
      0.4732142857142857,
      0.6026785714285714,
      0.5089285714285714,
      0.5803571428571429,
      0.7321428571428572,
      0.28125,
      0.4910714285714286,
      0.78125,
      0.5446428571428572,
      0.6071428571428572,
      0.48660714285714285,
      0.7276785714285714,
      0.6428571428571429,
      0.46875,
      0.5625,
      0.6383928571428571,
      0.5758928571428571,
      0.5982142857142856,
      0.5982142857142857,
      0.5669642857142857,
      0.5089285714285714,
      0.5982142857142857,
      0.7455357142857143,
      0.45089285714285715,
      0.625,
      0.45535714285714285,
      0.49107142857142855,
      0.5758928571428571
    ],
    "accuracy": [
      0.4666666666666667,
      0.43333333333333335,
      0.4,
      0.6,
      0.6333333333333333,
      0.4666666666666667,
      0.4666666666666667,
      0.43333333333333335,
      0.43333333333333335,
      0.43333333333333335,
      0.4666666666666667,
      0.43333333333333335,
      0.5,
      0.5,
      0.6333333333333333,
      0.5666666666666667,
      0.4666666666666667,
      0.6,
      0.3333333333333333,
      0.5,
      0.5333333333333333,
      0.36666666666666664,
      0.4,
      0.4666666666666667,
      0.5666666666666667,
      0.5,
      0.6,
      0.5,
      0.6,
      0.5666666666666667,
      0.6333333333333333,
      0.5666666666666667,
      0.5,
      0.6,
      0.23333333333333334,
      0.43333333333333335,
      0.6333333333333333,
      0.5666666666666667,
      0.5333333333333333,
      0.6666666666666666,
      0.36666666666666664,
      0.5,
      0.7,
      0.6,
      0.6333333333333333,
      0.4666666666666667,
      0.6333333333333333,
      0.6333333333333333,
      0.4666666666666667,
      0.5,
      0.6666666666666666,
      0.6333333333333333,
      0.6,
      0.5,
      0.6666666666666666,
      0.5333333333333333,
      0.5666666666666667,
      0.6666666666666666,
      0.5,
      0.6,
      0.4,
      0.5,
      0.5
    ],
    "f1": [
      0.42857142857142855,
      0.5142857142857142,
      0.5263157894736842,
      0.6,
      0.6857142857142857,
      0.42857142857142855,
      0.4666666666666667,
      0.45161290322580644,
      0.5142857142857142,
      0.5405405405405406,
      0.4666666666666667,
      0.48484848484848486,
      0.4827586206896552,
      0.5714285714285714,
      0.6451612903225806,
      0.5806451612903226,
      0.42857142857142855,
      0.6,
      0.375,
      0.5714285714285714,
      0.5882352941176471,
      0.4864864864864865,
      0.4,
      0.4666666666666667,
      0.48,
      0.4827586206896552,
      0.6,
      0.5161290322580645,
      0.6,
      0.6060606060606061,
      0.6857142857142857,
      0.5806451612903226,
      0.4827586206896552,
      0.625,
      0.30303030303030304,
      0.41379310344827586,
      0.6857142857142857,
      0.6285714285714286,
      0.5882352941176471,
      0.6428571428571429,
      0.42424242424242425,
      0.5161290322580645,
      0.7272727272727273,
      0.5714285714285714,
      0.5925925925925926,
      0.5294117647058824,
      0.6206896551724138,
      0.6451612903225806,
      0.5294117647058824,
      0.5454545454545454,
      0.6666666666666666,
      0.6206896551724138,
      0.5384615384615384,
      0.5454545454545454,
      0.7222222222222222,
      0.5625,
      0.5517241379310345,
      0.7222222222222222,
      0.5454545454545454,
      0.5714285714285714,
      0.4,
      0.4444444444444444,
      0.5161290322580645
    ]
  },
  "val": {
    "loss": [
      0.7387819290161133,
      0.7387810796499252,
      0.738780751824379,
      0.7387807965278625,
      0.7387788444757462,
      0.7387768477201462,
      0.7387755662202835,
      0.7387735694646835,
      0.7387714087963104,
      0.73876953125,
      0.7387670427560806,
      0.7387648671865463,
      0.7387627065181732,
      0.7387615144252777,
      0.738761231303215,
      0.738761693239212,
      0.7387609481811523,
      0.7387596815824509,
      0.738758385181427,
      0.7387568056583405,
      0.7387559562921524,
      0.7387537658214569,
      0.738752081990242,
      0.7387509793043137,
      0.7387504875659943,
      0.738750696182251,
      0.7387515753507614,
      0.7387519627809525,
      0.7387522161006927,
      0.7387524247169495,
      0.73875392973423,
      0.7387543320655823,
      0.7387551516294479,
      0.7387560158967972,
      0.7387551218271255,
      0.7387547641992569,
      0.7387552857398987,
      0.7387548238039017,
      0.7387541681528091,
      0.7387553155422211,
      0.7387555539608002,
      0.7387557327747345,
      0.7387564033269882,
      0.7387560456991196,
      0.7387554198503494,
      0.7387536764144897,
      0.7387519478797913,
      0.7387508749961853,
      0.7387491315603256,
      0.73874831199646,
      0.7387503087520599,
      0.7387506663799286,
      0.7387519031763077,
      0.7387527376413345,
      0.7387528568506241,
      0.7387533485889435,
      0.7387546598911285,
      0.7387558668851852,
      0.7387568801641464,
      0.7387587875127792,
      0.7387580424547195,
      0.7387576103210449,
      0.7387566566467285
    ],