{
  "train": {
    "loss": [
      0.694111032145364,
      0.692204407283238,
      0.6926004801477704,
      0.690974942275456,
      0.6945812702178955,
      0.6921630842345101,
      0.693799478667123,
      0.6946761863572257,
      0.6926134909902301,
      0.6933213557515826,
      0.6930507676942008
    ],
    "auc": [
      0.46745562130177515,
      0.6627218934911243,
      0.5147928994082841,
      0.7692307692307692,
      0.38461538461538464,
      0.6390532544378699,
      0.4319526627218935,
      0.4260355029585799,
      0.5562130177514794,
      0.48520710059171596,
      0.48520710059171596
    ],
    "accuracy": [
      0.5,
      0.5,
      0.46153846153846156,
      0.5384615384615384,
      0.5384615384615384,
      0.5,
      0.5,
      0.5,
      0.46153846153846156,
      0.5,
      0.46153846153846156
    ],
    "f1": [
      0.0,
      0.0,
      0.0,
      0.14285714285714285,
      0.14285714285714285,
      0.0,
      0.0,
      0.0,
      0.0,
      0.0,
      0.0
    ]
  },
  "val": {
    "loss": [
      0.6950135678052902,
      0.6950173825025558,
      0.6950179934501648,
      0.6950205266475677,
      0.6950225383043289,
      0.6950264126062393,
      0.6950300335884094,
      0.6950306743383408,
      0.6950296610593796,
      0.6950318217277527,
      0.6950348019599915
    ],
    "auc": [
      0.7333333333333334,
      0.7333333333333334,
      0.7333333333333334,
      0.7333333333333334,
      0.711111111111111,
      0.711111111111111,
      0.711111111111111,
      0.711111111111111,
      0.711111111111111,
      0.711111111111111,
      0.711111111111111
    ],
    "accuracy": [
      0.35714285714285715,
      0.35714285714285715,
      0.35714285714285715,
      0.35714285714285715,
      0.35714285714285715,
      0.35714285714285715,
      0.35714285714285715,
      0.35714285714285715,
      0.35714285714285715,
      0.35714285714285715,
      0.35714285714285715
    ],
    "f1": [
      0.0,
      0.0,
      0.0,
      0.0,
      0.0,
      0.0,
      0.0,
      0.0,
      0.0,
      0.0,
      0.0
    ]
  }
}