{
  "train": {
    "loss": [
      0.6349932750066122,
      0.6351502041021982,
      0.6356176435947418,
      0.6347081561883291,
      0.6340450346469879,
      0.6338634888331095,
      0.6360270778338114,
      0.633367508649826,
      0.6378783782323202,
      0.6337220966815948,
      0.63504691918691
    ],
    "auc": [
      0.5244755244755244,
      0.5034965034965035,
      0.4755244755244756,
      0.5664335664335665,
      0.6223776223776224,
      0.6223776223776223,
      0.4615384615384615,
      0.7202797202797203,
      0.32167832167832167,
      0.6433566433566433,
      0.5104895104895105
    ],
    "accuracy": [
      0.5416666666666666,
      0.625,
      0.5,
      0.5833333333333334,
      0.5833333333333334,
      0.5416666666666666,
      0.5416666666666666,
      0.625,
      0.5,
      0.5833333333333334,
      0.5416666666666666
    ],
    "f1": [
      0.6451612903225806,
      0.7272727272727273,
      0.6470588235294118,
      0.6666666666666666,
      0.6875,
      0.6451612903225806,
      0.6666666666666666,
      0.7272727272727273,
      0.5714285714285714,
      0.6875,
      0.6666666666666666
    ]
  },
  "val": {
    "loss": [
      0.6403670708338419,
      0.6403715411822001,
      0.6403743028640747,
      0.6403796275456747,
      0.6403871973355612,
      0.640388031800588,
      0.6403897603352865,
      0.6403956810633341,
      0.6403945088386536,
      0.6403936743736267,
      0.6403926610946655
    ],
    "auc": [
      0.4444444444444444,
      0.4444444444444444,
      0.4444444444444444,
      0.41666666666666663,
      0.38888888888888884,
      0.41666666666666674,
      0.41666666666666674,
      0.41666666666666674,
      0.41666666666666674,
      0.41666666666666674,
      0.41666666666666674
    ],
    "accuracy": [
      0.5,
      0.5,
      0.5,
      0.5,
      0.5,
      0.5,
      0.5,
      0.5,
      0.5,
      0.5,
      0.5
    ],
    "f1": [
      0.6666666666666666,
      0.6666666666666666,
      0.6666666666666666,
      0.6666666666666666,
      0.6666666666666666,
      0.6666666666666666,
      0.6666666666666666,
      0.6666666666666666,
      0.6666666666666666,
      0.6666666666666666,
      0.6666666666666666
    ]
  }
}