{
  "train": {
    "loss": [
      0.6507481411099434,
      0.6485697105526924,
      0.6462182551622391,
      0.6463704332709312,
      0.6496469676494598,
      0.6468818336725235,
      0.6502663120627403,
      0.6430647149682045,
      0.6453823670744896,
      0.6457715407013893,
      0.6437586471438408,
      0.6468802914023399,
      0.6427032873034477,
      0.6417023837566376,
      0.6463458687067032,
      0.6388421580195427,
      0.6468179747462273,
      0.6444461867213249,
      0.6450977921485901,
      0.6491665169596672,
      0.646563932299614,
      0.6419552564620972,
      0.6454854011535645,
      0.6340986862778664,
      0.6392508968710899,
      0.6416162773966789,
      0.6425371617078781,
      0.6373407021164894,
      0.6354310736060143,
      0.6431249901652336,
      0.6391595155000687,
      0.6356141641736031,
      0.6324805244803429,
      0.6348346248269081,
      0.6332444250583649,
      0.6351410448551178,
      0.6338271647691727,
      0.6368250399827957,
      0.6363637819886208,
      0.6384652033448219,
      0.6325599029660225,
      0.6395160630345345,
      0.6352085620164871,
      0.6288764774799347,
      0.6268939673900604,
      0.6220056936144829,
      0.617608904838562,
      0.6302563175559044,
      0.6346980333328247,
      0.6156389713287354
    ],
    "auc": [
      0.4107142857142857,
      0.4017857142857143,
      0.4017857142857143,
      0.5535714285714286,
      0.48214285714285715,
      0.5535714285714286,
      0.5223214285714286,
      0.5,
      0.71875,
      0.5892857142857143,
      0.7321428571428571,
      0.6964285714285714,
      0.59375,
      0.8035714285714286,
      0.7053571428571428,
      0.7366071428571429,
      0.4241071428571429,
      0.6160714285714286,
      0.7633928571428571,
      0.5625,
      0.5357142857142857,
      0.7008928571428572,
      0.6919642857142857,
      0.8660714285714286,
      0.8571428571428571,
      0.6919642857142857,
      0.7142857142857143,
      0.8214285714285714,
      0.84375,
      0.6428571428571429,
      0.7589285714285714,
      0.9419642857142857,
      0.9330357142857143,
      0.9062499999999999,
      0.8571428571428571,
      0.8571428571428572,
      0.875,
      0.78125,
      0.8258928571428571,
      0.8571428571428571,
      0.7633928571428571,
      0.8214285714285714,
      0.8660714285714286,
      0.9151785714285714,
      0.9508928571428571,
      0.9642857142857142,
      1.0,
      0.7410714285714286,
      0.8660714285714286,
      0.9508928571428571
    ],
    "accuracy": [
      0.4,
      0.43333333333333335,
      0.43333333333333335,
      0.5333333333333333,
      0.5,
      0.5,
      0.5333333333333333,
      0.5,
      0.7,
      0.5666666666666667,
      0.7333333333333333,
      0.6,
      0.5333333333333333,
      0.6333333333333333,
      0.6666666666666666,
      0.6,
      0.5,
      0.5333333333333333,
      0.6333333333333333,
      0.5666666666666667,
      0.5666666666666667,
      0.5666666666666667,
      0.6333333333333333,
      0.7666666666666667,
      0.6666666666666666,
      0.6666666666666666,
      0.6666666666666666,
      0.7333333333333333,
      0.8,
      0.5,
      0.6666666666666666,
      0.8333333333333334,
      0.8666666666666667,
      0.8333333333333334,
      0.7,
      0.7666666666666667,
      0.7333333333333333,
      0.6333333333333333,
      0.7333333333333333,
      0.7666666666666667,
      0.6333333333333333,
      0.7333333333333333,
      0.7666666666666667,
      0.7666666666666667,
      0.8333333333333334,
      0.8,
      0.8666666666666667,
      0.7,
      0.6666666666666666,
      0.9
    ],
    "f1": [
      0.35714285714285715,
      0.5853658536585366,
      0.45161290322580644,
      0.6111111111111112,
      0.5161290322580645,
      0.6153846153846154,
      0.6111111111111112,
      0.5945945945945946,
      0.7272727272727273,
      0.6060606060606061,
      0.7333333333333333,
      0.6842105263157895,
      0.5,
      0.6206896551724138,
      0.6875,
      0.6666666666666666,
      0.4827586206896552,
      0.6111111111111112,
      0.7027027027027027,
      0.6060606060606061,
      0.5806451612903226,
      0.6285714285714286,
      0.6451612903225806,
      0.8,
      0.7222222222222222,
      0.6875,
      0.6875,
      0.7647058823529411,
      0.8125,
      0.5945945945945946,
      0.7058823529411765,
      0.8571428571428571,
      0.875,
      0.8484848484848485,
      0.6896551724137931,
      0.8108108108108109,
      0.7647058823529411,
      0.6857142857142857,
      0.7647058823529411,
      0.8108108108108109,
      0.6666666666666666,
      0.7777777777777778,
      0.8108108108108109,
      0.8205128205128205,
      0.8571428571428571,
      0.8333333333333334,
      0.8888888888888888,
      0.7272727272727273,
      0.7222222222222222,
      0.896551724137931
    ]
  },
  "val": {
    "loss": [
      0.6598827838897705,
      0.6597831398248672,
      0.6595487147569656,
      0.6596721857786179,
      0.6597849428653717,
      0.6598808765411377,
      0.66001296043396,
      0.6599288880825043,
      0.6598326116800308,
      0.6596603542566299,
      0.6597070693969727,
      0.6598478108644485,
      0.6596303880214691,
      0.6595267951488495,
      0.6596603244543076,
      0.6595725566148758,
      0.6595442295074463,
      0.6594354957342148,
      0.6593824028968811,
      0.6593563556671143,
      0.6589035540819168,
      0.6587800979614258,
      0.6588412672281265,
      0.6588078141212463,
      0.65907883644104,
      0.659275621175766,
      0.6590847074985504,
      0.6591080874204636,
      0.6590463519096375,
      0.6588437706232071,
      0.6588302105665207,
      0.6588543653488159,
      0.6589987128973007,
      0.6592086404561996,
      0.659368097782135,
      0.6593625545501709,
      0.6592137515544891,
      0.6591891050338745,
      0.6591899991035461,
      0.6592383086681366,
      0.6584481298923492,
      0.6588610410690308,
      0.6589484810829163,
      0.6585509479045868,
      0.6583591401576996,
      0.6582541316747665,
      0.6590823531150818,
      0.6594460755586624,
      0.6600558012723923,
      0.6605800092220306
    ],
    "auc": [
      0.4814814814814815,
      0.4814814814814815,
      0.4814814814814815,
      0.4444444444444445,
      0.4444444444444444,
      0.4074074074074074,
      0.42592592592592593,
      0.4074074074074074,
      0.4444444444444444,
      0.462962962962963,
      0.4444444444444445,
      0.4444444444444445,
      0.462962962962963,
      0.4814814814814815,
      0.5185185185185186,
      0.5185185185185186,
      0.5185185185185186,
      0.537037037037037,
      0.537037037037037,
      0.537037037037037,
      0.537037037037037,
      0.537037037037037,
      0.537037037037037,
      0.537037037037037,
      0.537037037037037,
      0.5370370370370371,
      0.5555555555555556,
      0.5555555555555556,
      0.5555555555555556,
      0.5555555555555556,
      0.5740740740740741,
      0.5740740740740741,
      0.5740740740740741,
      0.5740740740740741,
      0.5925925925925926,
      0.537037037037037,
      0.5555555555555556,
      0.5370370370370371,
      0.5370370370370371,
      0.5185185185185186,
      0.5185185185185186,
      0.5370370370370371,
      0.49999999999999994,
      0.5,
      0.5185185185185186,
      0.5,
      0.4814814814814815,
      0.5,
      0.48148148148148157,
      0.462962962962963
    ],