{
  "train": {
    "loss": [
      0.6488499194383621,
      0.6438438519835472,
      0.6447106674313545,
      0.6496332213282585,
      0.6466464102268219,
      0.6478383466601372,
      0.6464995518326759,
      0.6466815322637558,
      0.6478332281112671,
      0.6463337242603302,
      0.647275760769844,
      0.6491180956363678,
      0.6471598744392395,
      0.6470169126987457,
      0.6438443958759308,
      0.6466428339481354,
      0.6477493643760681,
      0.6484313011169434,
      0.6464062705636024,
      0.6510456874966621,
      0.6439257562160492,
      0.6504876837134361,
      0.6463681757450104
    ],
    "auc": [
      0.6785714285714286,
      0.5178571428571429,
      0.44196428571428575,
      0.6026785714285714,
      0.5580357142857143,
      0.4419642857142857,
      0.5714285714285714,
      0.5848214285714285,
      0.33035714285714285,
      0.5803571428571428,
      0.5178571428571429,
      0.6294642857142857,
      0.5,
      0.5267857142857143,
      0.5848214285714286,
      0.5982142857142857,
      0.4196428571428571,
      0.71875,
      0.6339285714285714,
      0.39285714285714285,
      0.4955357142857143,
      0.4107142857142857,
      0.5446428571428572
    ],
    "accuracy": [
      0.6666666666666666,
      0.4666666666666667,
      0.43333333333333335,
      0.5666666666666667,
      0.5333333333333333,
      0.5,
      0.6,
      0.5666666666666667,
      0.43333333333333335,
      0.5333333333333333,
      0.4666666666666667,
      0.5666666666666667,
      0.5,
      0.6,
      0.5333333333333333,
      0.6333333333333333,
      0.43333333333333335,
      0.7333333333333333,
      0.5333333333333333,
      0.4,
      0.5666666666666667,
      0.36666666666666664,
      0.6333333333333333
    ],
    "f1": [
      0.75,
      0.5789473684210527,
      0.5853658536585366,
      0.6829268292682927,
      0.6111111111111112,
      0.5945945945945946,
      0.7142857142857143,
      0.6486486486486487,
      0.5641025641025641,
      0.5882352941176471,
      0.5555555555555556,
      0.6829268292682927,
      0.6341463414634146,
      0.7,
      0.6111111111111112,
      0.717948717948718,
      0.5641025641025641,
      0.7142857142857143,
      0.5882352941176471,
      0.5,
      0.6666666666666666,
      0.45714285714285713,
      0.7317073170731707
    ]
  },
  "val": {
    "loss": [
      0.6615365296602249,
      0.6615317314863205,
      0.6615297347307205,
      0.6615329384803772,
      0.6615312993526459,
      0.6615341454744339,
      0.6615325957536697,
      0.6615389287471771,
      0.6615422666072845,
      0.6615445166826248,
      0.6615422517061234,
      0.6615465134382248,
      0.661546379327774,
      0.6615414470434189,
      0.6615382432937622,
      0.6615379899740219,
      0.6615390330553055,
      0.6615425944328308,
      0.6615378856658936,
      0.6615337133407593,
      0.6615244001150131,
      0.6615232974290848,
      0.661525160074234
    ],
    "auc": [
      0.5185185185185185,
      0.5185185185185185,
      0.537037037037037,
      0.537037037037037,
      0.5555555555555556,
      0.5555555555555556,
      0.5555555555555556,
      0.5740740740740741,
      0.5555555555555556,
      0.537037037037037,
      0.537037037037037,
      0.5185185185185185,
      0.5185185185185185,
      0.5185185185185185,
      0.5185185185185185,
      0.5185185185185185,
      0.5185185185185185,
      0.5185185185185185,
      0.537037037037037,
      0.537037037037037,
      0.537037037037037,
      0.5185185185185185,
      0.5185185185185185
    ],
    "accuracy": [
      0.4,
      0.4,
      0.4,
      0.4,
      0.4,
      0.4,
      0.4,
      0.4,
      0.4,
      0.4,
      0.4,
      0.4,
      0.4,
      0.4,
      0.4,
      0.4,
      0.4,
      0.4,
      0.4,
      0.4,
      0.4,
      0.4,
      0.4
    ],
    "f1": [
      0.5714285714285714,
      0.5714285714285714,
      0.5714285714285714,
      0.5714285714285714,
      0.5714285714285714,
      0.5714285714285714,
      0.5714285714285714,
      0.5714285714285714,
      0.5714285714285714,
      0.5714285714285714,
      0.5714285714285714,
      0.5714285714285714,
      0.5714285714285714,
      0.5714285714285714,
      0.5714285714285714,
      0.5714285714285714,
      0.5714285714285714,
      0.5714285714285714,
      0.5714285714285714,
      0.5714285714285714,
      0.5714285714285714,
      0.5714285714285714,
      0.5714285714285714
    ]
  }
}