{
  "train": {
    "loss": [
      0.644065831388746,
      0.6464835916246686,
      0.6395618404660907,
      0.6461491584777832,
      0.6454807690211705,
      0.6476390191486904,
      0.6381333810942513,
      0.6417051809174674,
      0.6370183059147426,
      0.6445085491452899,
      0.6426326973097665
    ],
    "auc": [
      0.4642857142857143,
      0.4523809523809524,
      0.5357142857142857,
      0.36904761904761907,
      0.22023809523809523,
      0.375,
      0.37500000000000006,
      0.375,
      0.4523809523809524,
      0.5178571428571429,
      0.6130952380952381
    ],
    "accuracy": [
      0.6153846153846154,
      0.5384615384615384,
      0.5384615384615384,
      0.4230769230769231,
      0.4230769230769231,
      0.5,
      0.4230769230769231,
      0.5,
      0.5384615384615384,
      0.46153846153846156,
      0.5384615384615384
    ],
    "f1": [
      0.7368421052631579,
      0.6842105263157895,
      0.6470588235294118,
      0.5714285714285714,
      0.5945945945945946,
      0.6060606060606061,
      0.5714285714285714,
      0.5806451612903226,
      0.6666666666666666,
      0.5625,
      0.6
    ]
  },
  "val": {
    "loss": [
      0.6589965373277664,
      0.6589798927307129,
      0.658953458070755,
      0.6589341312646866,
      0.6589132696390152,
      0.658890426158905,
      0.6588648557662964,
      0.6588511914014816,
      0.6588309109210968,
      0.6588217467069626,
      0.6588118672370911
    ],
    "auc": [
      0.5,
      0.5,
      0.5,
      0.5,
      0.47619047619047616,
      0.47619047619047616,
      0.47619047619047616,
      0.47619047619047616,
      0.47619047619047616,
      0.47619047619047616,
      0.47619047619047616
    ],
    "accuracy": [
      0.46153846153846156,
      0.46153846153846156,
      0.46153846153846156,
      0.46153846153846156,
      0.46153846153846156,
      0.46153846153846156,
      0.46153846153846156,
      0.46153846153846156,
      0.46153846153846156,
      0.46153846153846156,
      0.46153846153846156
    ],
    "f1": [
      0.631578947368421,
      0.631578947368421,
      0.631578947368421,
      0.631578947368421,
      0.631578947368421,
      0.631578947368421,
      0.631578947368421,
      0.631578947368421,
      0.631578947368421,
      0.631578947368421,
      0.631578947368421
    ]
  }
}