{
  "mean": {
    "auc": 0.38920634920634917,
    "accuracy": 0.48787878787878786,
    "f1": 0.42777777777777776,
    "precision": 0.3212121212121212,
    "recall": 0.6666666666666666
  },
  "std": {
    "auc": 0.3163953565840157,
    "accuracy": 0.09687495371603502,
    "f1": 0.3151523245262852,
    "precision": 0.2467790675333616,
    "recall": 0.4714045207910317
  },
  "all_folds": [
    {
      "auc": 0.2142857142857143,
      "accuracy": 0.36363636363636365,
      "f1": 0.5333333333333333,
      "precision": 0.36363636363636365,
      "recall": 1.0
    },
    {
      "auc": 0.8333333333333334,
      "accuracy": 0.6,
      "f1": 0.75,
      "precision": 0.6,
      "recall": 1.0
    },
    {
      "auc": 0.12,
      "accuracy": 0.5,
      "f1": 0.0,
      "precision": 0.0,
      "recall": 0.0
    }
  ]
}