{
  "train": {
    "loss": [
      0.6481650695204735,
      0.6453361362218857,
      0.6425039917230606,
      0.6482295170426369,
      0.6476453393697739,
      0.6446994096040726,
      0.6486271917819977,
      0.6475418210029602,
      0.6505399122834206,
      0.6496230810880661,
      0.6470621079206467,
      0.6500826925039291,
      0.6467178836464882,
      0.6478464901447296,
      0.6470455229282379,
      0.6431524604558945,
      0.648510105907917,
      0.6443150117993355,
      0.6426431983709335,
      0.6494173184037209,
      0.6473917812108994,
      0.6506748348474503,
      0.642163060605526,
      0.6481013745069504,
      0.648463137447834,
      0.6457562372088432,
      0.6474949195981026,
      0.6476153135299683,
      0.6518014892935753,
      0.6472355872392654,
      0.6482392698526382,
      0.6456353664398193,
      0.6464288458228111,
      0.6437439918518066,
      0.6461367085576057
    ],
    "auc": [
      0.4151785714285714,
      0.6071428571428571,
      0.5803571428571429,
      0.4017857142857143,
      0.43303571428571425,
      0.6919642857142857,
      0.4196428571428571,
      0.4955357142857143,
      0.5133928571428572,
      0.5758928571428572,
      0.5223214285714286,
      0.59375,
      0.5267857142857143,
      0.4419642857142857,
      0.46875,
      0.5223214285714286,
      0.6741071428571429,
      0.6830357142857144,
      0.625,
      0.6428571428571429,
      0.5044642857142858,
      0.5625,
      0.6339285714285714,
      0.4241071428571429,
      0.7008928571428572,
      0.6383928571428572,
      0.45982142857142855,
      0.4375,
      0.4151785714285714,
      0.4151785714285714,
      0.45089285714285715,
      0.3616071428571429,
      0.5669642857142857,
      0.48660714285714285,
      0.5803571428571429
    ],
    "accuracy": [
      0.5666666666666667,
      0.6,
      0.5333333333333333,
      0.5333333333333333,
      0.5,
      0.5666666666666667,
      0.5333333333333333,
      0.5666666666666667,
      0.5,
      0.6,
      0.5,
      0.5666666666666667,
      0.5333333333333333,
      0.5,
      0.5666666666666667,
      0.5666666666666667,
      0.5333333333333333,
      0.5,
      0.5333333333333333,
      0.5333333333333333,
      0.5333333333333333,
      0.5333333333333333,
      0.5333333333333333,
      0.5,
      0.5,
      0.5333333333333333,
      0.5333333333333333,
      0.5666666666666667,
      0.5333333333333333,
      0.5333333333333333,
      0.5666666666666667,
      0.5,
      0.5333333333333333,
      0.5333333333333333,
      0.5666666666666667
    ],
    "f1": [
      0.7111111111111111,
      0.7272727272727273,
      0.6956521739130435,
      0.6956521739130435,
      0.6666666666666666,
      0.7111111111111111,
      0.6956521739130435,
      0.7111111111111111,
      0.6666666666666666,
      0.7272727272727273,
      0.6666666666666666,
      0.7111111111111111,
      0.6818181818181818,
      0.6666666666666666,
      0.7111111111111111,
      0.7111111111111111,
      0.6956521739130435,
      0.6666666666666666,
      0.6956521739130435,
      0.6818181818181818,
      0.6956521739130435,
      0.6956521739130435,
      0.6956521739130435,
      0.6666666666666666,
      0.6666666666666666,
      0.6956521739130435,
      0.6956521739130435,
      0.7111111111111111,
      0.6818181818181818,
      0.6956521739130435,
      0.7111111111111111,
      0.6666666666666666,
      0.6956521739130435,
      0.6956521739130435,
      0.7111111111111111
    ]
  },
  "val": {
    "loss": [
      0.6622474193572998,
      0.6622388660907745,
      0.662227213382721,
      0.6622255742549896,
      0.6622230559587479,
      0.6622269004583359,
      0.662222221493721,
      0.6622163951396942,
      0.6622140109539032,
      0.6622041016817093,
      0.6621917188167572,
      0.6621885150671005,
      0.6621854454278946,
      0.6621797382831573,
      0.6621756255626678,
      0.6621682196855545,
      0.6621640473604202,
      0.6621583104133606,
      0.6621512323617935,
      0.6621463745832443,
      0.6621403843164444,
      0.6621405482292175,
      0.6621311008930206,
      0.6621301174163818,
      0.6621280461549759,
      0.6621203124523163,
      0.6621186286211014,
      0.6621129065752029,
      0.6621090024709702,
      0.6621014177799225,
      0.6620912998914719,
      0.6620831340551376,
      0.6620785742998123,
      0.6620602756738663,
      0.662057027220726
    ],
    "auc": [
      0.537037037037037,
      0.537037037037037,
      0.537037037037037,
      0.537037037037037,
      0.537037037037037,
      0.537037037037037,
      0.537037037037037,
      0.537037037037037,
      0.537037037037037,
      0.537037037037037,
      0.537037037037037,
      0.537037037037037,
      0.537037037037037,
      0.537037037037037,
      0.537037037037037,
      0.5555555555555556,
      0.5555555555555556,
      0.5555555555555556,
      0.5555555555555556,
      0.5740740740740741,
      0.5740740740740741,
      0.5740740740740741,
      0.5740740740740741,
      0.5740740740740741,
      0.5740740740740741,
      0.5740740740740741,
      0.5740740740740741,
      0.5555555555555556,
      0.5555555555555556,
      0.5740740740740742,
      0.5740740740740742,
      0.5740740740740742,
      0.5740740740740742,
      0.5740740740740742,
      0.5740740740740742
    ],
    "accuracy": [
      0.4,
      0.4,
      0.4,
      0.4,
      0.4,
      0.4,
      0.4,
      0.4,
      0.4,
      0.4,
      0.4,
      0.4,
      0.4,
      0.4,
      0.4,
      0.4,
      0.4,
      0.4,
      0.4,
      0.4,
      0.4,
      0.4,
      0.4,
      0.4,
      0.4,
      0.4,
      0.4,
      0.4,
      0.4,
      0.4,
      0.4,
      0.4,
      0.4,
      0.4,
      0.4
    ],
    "f1": [
      0.5714285714285714,
      0.5714285714285714,
      0.5714285714285714,
      0.5714285714285714,
      0.5714285714285714,
      0.5714285714285714,
      0.5714285714285714,
      0.5714285714285714,
      0.5714285714285714,
      0.5714285714285714,
      0.5714285714285714,
      0.5714285714285714,
      0.5714285714285714,
      0.5714285714285714,
      0.5714285714285714,
      0.5714285714285714,
      0.5714285714285714,
      0.5714285714285714,
      0.5714285714285714,
      0.5714285714285714,
      0.5714285714285714,
      0.5714285714285714,
      0.5714285714285714,
      0.5714285714285714,
      0.5714285714285714,
      0.5714285714285714,
      0.5714285714285714,
      0.5714285714285714,
      0.5714285714285714,
      0.5714285714285714,
      0.5714285714285714,
      0.5714285714285714,
      0.5714285714285714,
      0.5714285714285714,
      0.5714285714285714
    ]
  }
}