{
  "train": {
    "loss": [
      0.6395991359438215,
      0.639799245766231,
      0.6382330741201129,
      0.6406352009092059,
      0.639935280595507,
      0.6343273605619159,
      0.6401208894593375,
      0.6383964759962899,
      0.6398355705397469,
      0.6397006852286202,
      0.6343023606709072,
      0.6365239535059247,
      0.6452173590660095,
      0.6417356559208461,
      0.6419665472848075,
      0.6370410323143005,
      0.6413373010499137,
      0.639453819819859,
      0.641979421888079,
      0.634908412184034,
      0.6386268053736005,
      0.6431613649640765,
      0.6349539501326424,
      0.641677805355617
    ],
    "auc": [
      0.6071428571428571,
      0.5833333333333333,
      0.6845238095238095,
      0.44047619047619047,
      0.5297619047619048,
      0.6309523809523809,
      0.5416666666666667,
      0.6845238095238095,
      0.46428571428571425,
      0.6130952380952381,
      0.5952380952380952,
      0.4642857142857143,
      0.4226190476190476,
      0.6904761904761905,
      0.6309523809523809,
      0.7142857142857143,
      0.36904761904761907,
      0.5059523809523809,
      0.27976190476190477,
      0.5238095238095238,
      0.5833333333333334,
      0.5059523809523809,
      0.6309523809523809,
      0.36309523809523814
    ],
    "accuracy": [
      0.6923076923076923,
      0.5769230769230769,
      0.6153846153846154,
      0.46153846153846156,
      0.6538461538461539,
      0.46153846153846156,
      0.46153846153846156,
      0.6153846153846154,
      0.5384615384615384,
      0.5384615384615384,
      0.6153846153846154,
      0.6538461538461539,
      0.46153846153846156,
      0.5384615384615384,
      0.6153846153846154,
      0.5769230769230769,
      0.5384615384615384,
      0.4230769230769231,
      0.34615384615384615,
      0.46153846153846156,
      0.5769230769230769,
      0.5384615384615384,
      0.5384615384615384,
      0.46153846153846156
    ],
    "f1": [
      0.7333333333333333,
      0.7027027027027027,
      0.7058823529411765,
      0.5625,
      0.7272727272727273,
      0.5625,
      0.6111111111111112,
      0.7222222222222222,
      0.6470588235294118,
      0.625,
      0.6666666666666666,
      0.7272727272727273,
      0.5882352941176471,
      0.6666666666666666,
      0.7058823529411765,
      0.6666666666666666,
      0.625,
      0.5161290322580645,
      0.45161290322580644,
      0.6111111111111112,
      0.6857142857142857,
      0.6666666666666666,
      0.6470588235294118,
      0.5882352941176471
    ]
  },
  "val": {
    "loss": [
      0.6305687874555588,
      0.6305615901947021,
      0.6305517256259918,
      0.6305511742830276,
      0.630545899271965,
      0.6305426955223083,
      0.6305350661277771,
      0.630530372262001,
      0.6305274218320847,
      0.6305184364318848,
      0.6305135190486908,
      0.6305159628391266,
      0.630518302321434,
      0.6305241882801056,
      0.6305276602506638,
      0.6305267512798309,
      0.6305267065763474,
      0.6305232346057892,
      0.630525216460228,
      0.6305240392684937,
      0.6305151879787445,
      0.6305042058229446,
      0.6305020451545715,
      0.6304948031902313
    ],
    "auc": [
      0.5,
      0.5,
      0.5,
      0.5,
      0.5,
      0.5,
      0.5238095238095238,
      0.5238095238095238,
      0.5238095238095238,
      0.5238095238095238,
      0.5476190476190477,
      0.5476190476190477,
      0.5476190476190477,
      0.5714285714285714,
      0.5714285714285714,
      0.5714285714285714,
      0.5714285714285714,
      0.5714285714285714,
      0.5714285714285714,
      0.5714285714285714,
      0.5714285714285714,
      0.5714285714285714,
      0.5714285714285714,
      0.5714285714285714
    ],
    "accuracy": [
      0.5384615384615384,
      0.5384615384615384,
      0.5384615384615384,
      0.5384615384615384,
      0.5384615384615384,
      0.5384615384615384,
      0.5384615384615384,
      0.5384615384615384,
      0.5384615384615384,
      0.5384615384615384,
      0.5384615384615384,
      0.5384615384615384,
      0.5384615384615384,
      0.5384615384615384,
      0.5384615384615384,
      0.5384615384615384,
      0.5384615384615384,
      0.5384615384615384,
      0.5384615384615384,
      0.5384615384615384,
      0.5384615384615384,
      0.5384615384615384,
      0.5384615384615384,
      0.5384615384615384
    ],
    "f1": [
      0.7,
      0.7,
      0.7,
      0.7,
      0.7,
      0.7,
      0.7,
      0.7,
      0.7,
      0.7,
      0.7,
      0.7,
      0.7,
      0.7,
      0.7,
      0.7,
      0.7,
      0.7,
      0.7,
      0.7,
      0.7,
      0.7,
      0.7,
      0.7
    ]
  }
}