{
  "train": {
    "loss": [
      0.8243036419153214,
      0.8324824497103691,
      0.8447083532810211,
      0.8350691944360733,
      0.8325372412800789,
      0.8228758350014687,
      0.832827515900135,
      0.8242122754454613,
      0.8235318660736084,
      0.8216868564486504,
      0.8338396549224854,
      0.8422100692987442,
      0.8323088362812996,
      0.8202219530940056,
      0.8348411917686462,
      0.8316837474703789,
      0.8449639678001404,
      0.8467350602149963,
      0.8336320444941521,
      0.8447280898690224,
      0.8332200646400452,
      0.8409634530544281,
      0.8312137946486473,
      0.8314321935176849,
      0.833327554166317,
      0.820339523255825,
      0.8416449055075645,
      0.8330287039279938,
      0.8198987618088722,
      0.8194476813077927
    ],
    "auc": [
      0.36574074074074076,
      0.6296296296296297,
      0.5740740740740741,
      0.35185185185185186,
      0.6342592592592593,
      0.47685185185185186,
      0.5787037037037037,
      0.39814814814814814,
      0.4537037037037038,
      0.638888888888889,
      0.5231481481481481,
      0.800925925925926,
      0.6435185185185186,
      0.7407407407407407,
      0.40740740740740733,
      0.7407407407407408,
      0.4282407407407407,
      0.3564814814814815,
      0.5416666666666666,
      0.4907407407407407,
      0.625,
      0.7546296296296297,
      0.8055555555555556,
      0.7361111111111112,
      0.5787037037037037,
      0.7592592592592593,
      0.7916666666666666,
      0.6342592592592593,
      0.7314814814814815,
      0.6666666666666667
    ],
    "accuracy": [
      0.5333333333333333,
      0.5666666666666667,
      0.6666666666666666,
      0.4,
      0.6333333333333333,
      0.5333333333333333,
      0.5,
      0.4666666666666667,
      0.5333333333333333,
      0.7,
      0.5666666666666667,
      0.6666666666666666,
      0.6,
      0.7,
      0.5,
      0.6666666666666666,
      0.6,
      0.5333333333333333,
      0.6,
      0.5333333333333333,
      0.6333333333333333,
      0.8,
      0.7666666666666667,
      0.6666666666666666,
      0.6666666666666666,
      0.7,
      0.7,
      0.5666666666666667,
      0.6333333333333333,
      0.6333333333333333
    ],
    "f1": [
      0.3,
      0.43478260869565216,
      0.5454545454545454,
      0.3076923076923077,
      0.47619047619047616,
      0.4166666666666667,
      0.2857142857142857,
      0.2,
      0.4166666666666667,
      0.6086956521739131,
      0.43478260869565216,
      0.4444444444444444,
      0.4,
      0.64,
      0.2857142857142857,
      0.5,
      0.25,
      0.2222222222222222,
      0.4,
      0.3,
      0.5217391304347826,
      0.7272727272727273,
      0.6666666666666666,
      0.5,
      0.5454545454545454,
      0.64,
      0.6086956521739131,
      0.43478260869565216,
      0.5217391304347826,
      0.5217391304347826
    ]
  },
  "val": {
    "loss": [
      0.9190145432949066,
      0.9192624539136887,
      0.919283851981163,
      0.9192166328430176,
      0.9193232357501984,
      0.9194093346595764,
      0.9194980561733246,
      0.919481635093689,
      0.9195935279130936,
      0.9196565002202988,
      0.9197429716587067,
      0.9199066907167435,
      0.9198253601789474,
      0.9197516143321991,
      0.9196209460496902,
      0.9196008741855621,
      0.9196849912405014,
      0.9195282310247421,
      0.9192808568477631,
      0.9191386252641678,
      0.9189564436674118,
      0.9186965078115463,
      0.9186694920063019,
      0.9186129719018936,
      0.9184625148773193,
      0.9183726608753204,
      0.918554961681366,
      0.9185411483049393,
      0.9185128659009933,
      0.9185708612203598
    ],
    "auc": [
      0.31999999999999995,
      0.3,
      0.28,
      0.31999999999999995,
      0.32,
      0.36,
      0.38,
      0.33999999999999997,
      0.33999999999999997,
      0.33999999999999997,
      0.36,
      0.38,
      0.46,
      0.46,
      0.6000000000000001,
      0.56,
      0.54,
      0.54,
      0.52,
      0.54,
      0.52,
      0.49999999999999994,
      0.49999999999999994,
      0.49999999999999994,
      0.48,
      0.49999999999999994,
      0.48,
      0.48,
      0.48,
      0.52
    ],
    "accuracy": [
      0.3333333333333333,
      0.3333333333333333,
      0.3333333333333333,
      0.3333333333333333,
      0.3333333333333333,
      0.3333333333333333,
      0.3333333333333333,
      0.3333333333333333,
      0.3333333333333333,
      0.3333333333333333,
      0.3333333333333333,
      0.3333333333333333,
      0.3333333333333333,
      0.3333333333333333,
      0.3333333333333333,
      0.3333333333333333,
      0.3333333333333333,
      0.3333333333333333,
      0.3333333333333333,
      0.3333333333333333,
      0.3333333333333333,
      0.4,
      0.4,
      0.4,
      0.4,
      0.4,
      0.4,
      0.4,
      0.5333333333333333,
      0.5333333333333333
    ],
    "f1": [
      0.0,
      0.0,
      0.0,
      0.0,
      0.0,
      0.0,
      0.0,
      0.0,
      0.0,
      0.0,
      0.0,
      0.0,
      0.0,
      0.0,
      0.0,
      0.0,
      0.0,
      0.0,
      0.0,
      0.0,
      0.0,
      0.18181818181818182,
      0.18181818181818182,
      0.18181818181818182,
      0.18181818181818182,
      0.3076923076923077,
      0.3076923076923077,
      0.3076923076923077,
      0.5333333333333333,
      0.5333333333333333
    ]
  }
}