{
  "train": {
    "loss": [
      0.7570879757404327,
      0.7356688380241394,
      0.7432508170604706,
      0.739839568734169,
      0.7409688830375671,
      0.7343012690544128,
      0.7565198093652725,
      0.7589318603277206,
      0.7543768435716629,
      0.7601011693477631,
      0.7588902562856674,
      0.7574978023767471
    ],
    "auc": [
      0.5238095238095237,
      0.6428571428571429,
      0.2380952380952381,
      0.40476190476190477,
      0.2380952380952381,
      0.7142857142857143,
      0.4285714285714286,
      0.2619047619047619,
      0.7142857142857142,
      0.4523809523809524,
      0.5238095238095238,
      0.19047619047619052
    ],
    "accuracy": [
      0.46153846153846156,
      0.6153846153846154,
      0.38461538461538464,
      0.38461538461538464,
      0.3076923076923077,
      0.6923076923076923,
      0.46153846153846156,
      0.5384615384615384,
      0.6153846153846154,
      0.3076923076923077,
      0.38461538461538464,
      0.46153846153846156
    ],
    "f1": [
      0.631578947368421,
      0.6153846153846154,
      0.5,
      0.5555555555555556,
      0.4,
      0.75,
      0.5882352941176471,
      0.6666666666666666,
      0.7058823529411765,
      0.47058823529411764,
      0.5,
      0.631578947368421
    ]
  },
  "val": {
    "loss": [
      0.7709242403507233,
      0.770930290222168,
      0.7709381580352783,
      0.7709475159645081,
      0.770948976278305,
      0.7709485292434692,
      0.7709481120109558,
      0.7709466218948364,
      0.7709430754184723,
      0.77093505859375,
      0.7709307968616486,
      0.7709218263626099
    ],
    "auc": [
      0.4,
      0.5,
      0.5,
      0.5,
      0.5,
      0.5,
      0.5,
      0.5,
      0.5,
      0.5,
      0.5,
      0.5
    ],
    "accuracy": [
      0.7142857142857143,
      0.7142857142857143,
      0.7142857142857143,
      0.7142857142857143,
      0.7142857142857143,
      0.7142857142857143,
      0.7142857142857143,
      0.7142857142857143,
      0.7142857142857143,
      0.7142857142857143,
      0.7142857142857143,
      0.7142857142857143
    ],
    "f1": [
      0.8333333333333334,
      0.8333333333333334,
      0.8333333333333334,
      0.8333333333333334,
      0.8333333333333334,
      0.8333333333333334,
      0.8333333333333334,
      0.8333333333333334,
      0.8333333333333334,
      0.8333333333333334,
      0.8333333333333334,
      0.8333333333333334
    ]
  }
}