{
  "mean": {
    "auc": 0.5740740740740741,
    "accuracy": 0.5087719298245613,
    "f1": 0.674055829228243,
    "precision": 0.5087719298245613,
    "recall": 1.0
  },
  "std": {
    "auc": 0.13887654266113092,
    "accuracy": 0.02481076425215956,
    "f1": 0.022060802697117247,
    "precision": 0.02481076425215956,
    "recall": 0.0
  },
  "all_folds": [
    {
      "auc": 0.5111111111111111,
      "accuracy": 0.47368421052631576,
      "f1": 0.6428571428571429,
      "precision": 0.47368421052631576,
      "recall": 1.0
    },
    {
      "auc": 0.7666666666666666,
      "accuracy": 0.5263157894736842,
      "f1": 0.6896551724137931,
      "precision": 0.5263157894736842,
      "recall": 1.0
    },
    {
      "auc": 0.4444444444444444,
      "accuracy": 0.5263157894736842,
      "f1": 0.6896551724137931,
      "precision": 0.5263157894736842,
      "recall": 1.0
    }
  ]
}