{
  "train": {
    "loss": [
      0.6931478892053876,
      0.6924799510410854,
      0.6939063327653068,
      0.6930279306003025,
      0.6941878114427839,
      0.6933681453977313,
      0.6915790438652039,
      0.6931893144335065,
      0.6932552456855774,
      0.6924875208309719,
      0.692660527569907,
      0.6945718952587673,
      0.6925161906651088,
      0.691249702657972,
      0.6935930848121643,
      0.6915378059659686,
      0.6926648191043309,
      0.6927198767662048,
      0.6919832144464765,
      0.6924489992005485,
      0.6927673476082938,
      0.6929438965661185,
      0.692449050290244,
      0.6911832860537938,
      0.6945075137274606,
      0.6933657612119403,
      0.6937258924756732,
      0.6936524254935128,
      0.6916336246899196,
      0.6928141627992902,
      0.6916185617446899,
      0.692809692450932,
      0.6927487339292254,
      0.6943854519299099,
      0.6927083900996617,
      0.6923560159546989,
      0.6918592878750393,
      0.693417123385838,
      0.6934265238898141,
      0.6927604760442462,
      0.6922888159751892,
      0.6927590114729745,
      0.693495682307652
    ],
    "auc": [
      0.46153846153846145,
      0.6390532544378699,
      0.42011834319526625,
      0.43195266272189353,
      0.33136094674556216,
      0.5029585798816568,
      0.6686390532544378,
      0.4911242603550296,
      0.4615384615384615,
      0.5680473372781065,
      0.6035502958579881,
      0.2958579881656805,
      0.5325443786982249,
      0.6213017751479291,
      0.4378698224852071,
      0.7159763313609468,
      0.5976331360946745,
      0.6627218934911243,
      0.7278106508875739,
      0.5562130177514792,
      0.485207100591716,
      0.6213017751479291,
      0.6094674556213018,
      0.7692307692307693,
      0.3668639053254438,
      0.4497041420118343,
      0.47928994082840237,
      0.39644970414201186,
      0.6331360946745562,
      0.5621301775147929,
      0.6331360946745562,
      0.5325443786982249,
      0.544378698224852,
      0.3905325443786982,
      0.5857988165680473,
      0.5325443786982249,
      0.5798816568047338,
      0.47928994082840237,
      0.4674556213017751,
      0.5739644970414202,
      0.6449704142011834,
      0.47928994082840237,
      0.5207100591715976
    ],
    "accuracy": [
      0.46153846153846156,
      0.6538461538461539,
      0.4230769230769231,
      0.4230769230769231,
      0.5,
      0.38461538461538464,
      0.6538461538461539,
      0.4230769230769231,
      0.46153846153846156,
      0.6153846153846154,
      0.6923076923076923,
      0.3076923076923077,
      0.5384615384615384,
      0.5769230769230769,
      0.46153846153846156,
      0.6923076923076923,
      0.5,
      0.6153846153846154,
      0.5384615384615384,
      0.5769230769230769,
      0.5,
      0.6538461538461539,
      0.6538461538461539,
      0.6538461538461539,
      0.38461538461538464,
      0.5,
      0.46153846153846156,
      0.46153846153846156,
      0.5,
      0.5769230769230769,
      0.5384615384615384,
      0.5769230769230769,
      0.46153846153846156,
      0.46153846153846156,
      0.5769230769230769,
      0.5384615384615384,
      0.46153846153846156,
      0.5,
      0.5,
      0.5,
      0.6153846153846154,
      0.5384615384615384,
      0.6153846153846154
    ],
    "f1": [
      0.5,
      0.7272727272727273,
      0.5714285714285714,
      0.5454545454545454,
      0.5806451612903226,
      0.5,
      0.7096774193548387,
      0.5454545454545454,
      0.6111111111111112,
      0.6875,
      0.75,
      0.35714285714285715,
      0.5714285714285714,
      0.6451612903225806,
      0.5333333333333333,
      0.7333333333333333,
      0.6060606060606061,
      0.6428571428571429,
      0.6470588235294118,
      0.7027027027027027,
      0.48,
      0.7096774193548387,
      0.7096774193548387,
      0.7096774193548387,
      0.42857142857142855,
      0.5517241379310345,
      0.5625,
      0.5333333333333333,
      0.5806451612903226,
      0.6206896551724138,
      0.6,
      0.6206896551724138,
      0.5625,
      0.5625,
      0.5925925925925926,
      0.6470588235294118,
      0.5333333333333333,
      0.5185185185185185,
      0.5185185185185185,
      0.5185185185185185,
      0.7058823529411765,
      0.6,
      0.6666666666666666
    ]
  },
  "val": {
    "loss": [
      0.6925435960292816,
      0.6925368309020996,
      0.6925266087055206,
      0.6925238966941833,
      0.6925159096717834,
      0.6925051361322403,
      0.6924995929002762,
      0.6924966275691986,
      0.6924964934587479,
      0.692497581243515,
      0.692499428987503,
      0.6924973577260971,
      0.6924967765808105,
      0.6924963295459747,
      0.6924954354763031,
      0.6924878358840942,
      0.6924838125705719,
      0.6924909949302673,
      0.6924960166215897,
      0.6924995481967926,
      0.6924981474876404,
      0.6925059854984283,
      0.6925101727247238,
      0.6925080716609955,
      0.6925070881843567,
      0.6925074756145477,
      0.6925058662891388,
      0.6925108432769775,
      0.6925097107887268,
      0.6925019025802612,
      0.6925032585859299,
      0.6924977153539658,
      0.6924962550401688,
      0.6924915164709091,
      0.6924984157085419,
      0.6925018876791,
      0.6925033777952194,
      0.6925015151500702,
      0.6925023794174194,
      0.6925023049116135,
      0.6925051212310791,
      0.6925015300512314,
      0.6924996376037598
    ],
    "auc": [
      0.4666666666666667,
      0.4666666666666667,
      0.4666666666666667,
      0.4666666666666667,
      0.4666666666666667,
      0.4666666666666667,
      0.4666666666666667,
      0.4666666666666667,
      0.4666666666666667,
      0.48888888888888893,
      0.48888888888888893,
      0.48888888888888893,
      0.48888888888888893,
      0.48888888888888893,
      0.48888888888888893,
      0.48888888888888893,
      0.48888888888888893,
      0.48888888888888893,
      0.5111111111111111,
      0.5111111111111111,
      0.5333333333333333,
      0.5333333333333333,
      0.5333333333333333,
      0.5333333333333333,
      0.5333333333333333,
      0.5333333333333333,
      0.5333333333333333,
      0.5333333333333333,
      0.5555555555555556,
      0.5555555555555556,
      0.5333333333333333,
      0.5555555555555556,
      0.5777777777777777,
      0.5777777777777777,
      0.5777777777777777,
      0.5777777777777777,
      0.5777777777777777,
      0.5777777777777777,
      0.5777777777777777,
      0.5777777777777777,
      0.5777777777777777,
      0.5777777777777777,
      0.5777777777777777
    ],
    "accuracy": [
      0.6428571428571429,
      0.6428571428571429,
      0.6428571428571429,
      0.6428571428571429,
      0.6428571428571429,
      0.6428571428571429,
      0.6428571428571429,
      0.6428571428571429,
      0.6428571428571429,
      0.6428571428571429,
      0.6428571428571429,
      0.6428571428571429,
      0.6428571428571429,
      0.6428571428571429,
      0.6428571428571429,
      0.6428571428571429,
      0.6428571428571429,
      0.6428571428571429,
      0.6428571428571429,
      0.6428571428571429,
      0.6428571428571429,
      0.6428571428571429,
      0.6428571428571429,
      0.6428571428571429,
      0.6428571428571429,
      0.6428571428571429,
      0.6428571428571429,
      0.6428571428571429,
      0.6428571428571429,
      0.6428571428571429,
      0.6428571428571429,
      0.6428571428571429,
      0.6428571428571429,
      0.6428571428571429,
      0.6428571428571429,
      0.6428571428571429,
      0.6428571428571429,
      0.6428571428571429,
      0.6428571428571429,
      0.6428571428571429,
      0.6428571428571429,
      0.6428571428571429,
      0.6428571428571429
    ],