{
  "train": {
    "loss": [
      0.6951226890087128,
      0.6940124034881592,
      0.693179210027059,
      0.6907517512639364,
      0.692415863275528,
      0.6936857203642527,
      0.6945825715859731,
      0.6920529305934906,
      0.691602885723114,
      0.6947679917017618,
      0.6932168702284495,
      0.6942210694154104,
      0.6928913096586863,
      0.6934377253055573,
      0.6926925778388977
    ],
    "auc": [
      0.27083333333333337,
      0.46527777777777785,
      0.4444444444444445,
      0.6875,
      0.5416666666666667,
      0.4027777777777778,
      0.41666666666666663,
      0.5486111111111112,
      0.625,
      0.3819444444444444,
      0.5277777777777778,
      0.4513888888888889,
      0.5,
      0.4722222222222222,
      0.6111111111111113
    ],
    "accuracy": [
      0.375,
      0.4583333333333333,
      0.4583333333333333,
      0.6666666666666666,
      0.5833333333333334,
      0.4166666666666667,
      0.4583333333333333,
      0.4583333333333333,
      0.5416666666666666,
      0.4583333333333333,
      0.5,
      0.5,
      0.5,
      0.5416666666666666,
      0.6666666666666666
    ],
    "f1": [
      0.4444444444444444,
      0.5517241379310345,
      0.5185185185185185,
      0.6923076923076923,
      0.6875,
      0.5333333333333333,
      0.5185185185185185,
      0.43478260869565216,
      0.5217391304347826,
      0.48,
      0.45454545454545453,
      0.6,
      0.5714285714285714,
      0.56,
      0.6363636363636364
    ]
  },
  "val": {
    "loss": [
      0.6927104791005453,
      0.6927114923795065,
      0.6927107572555542,
      0.692710300286611,
      0.6927090287208557,
      0.6927085518836975,
      0.6927078564961752,
      0.6927061080932617,
      0.6927045583724976,
      0.6927042007446289,
      0.6927052140235901,
      0.6927053332328796,
      0.692706306775411,
      0.6927070816357931,
      0.6927075386047363
    ],
    "auc": [
      0.6285714285714286,
      0.6285714285714286,
      0.6285714285714286,
      0.6285714285714286,
      0.657142857142857,
      0.657142857142857,
      0.657142857142857,
      0.657142857142857,
      0.657142857142857,
      0.657142857142857,
      0.657142857142857,
      0.657142857142857,
      0.657142857142857,
      0.6285714285714286,
      0.6285714285714286
    ],
    "accuracy": [
      0.5833333333333334,
      0.5833333333333334,
      0.5833333333333334,
      0.5833333333333334,
      0.5833333333333334,
      0.5833333333333334,
      0.5833333333333334,
      0.5833333333333334,
      0.5833333333333334,
      0.5833333333333334,
      0.5833333333333334,
      0.5833333333333334,
      0.5833333333333334,
      0.5833333333333334,
      0.5833333333333334
    ],
    "f1": [
      0.7368421052631579,
      0.7368421052631579,
      0.7368421052631579,
      0.7368421052631579,
      0.7368421052631579,
      0.7368421052631579,
      0.7368421052631579,
      0.7368421052631579,
      0.7368421052631579,
      0.7368421052631579,
      0.7368421052631579,
      0.7368421052631579,
      0.7368421052631579,
      0.7368421052631579,
      0.7368421052631579
    ]
  }
}