{
  "mean": {
    "auc": 0.5555194805194805,
    "accuracy": 0.5789473684210527,
    "f1": 0.4879495736002966,
    "precision": 0.3859649122807018,
    "recall": 0.6666666666666666
  },
  "std": {
    "auc": 0.2109230635990746,
    "accuracy": 0.042973504259354,
    "f1": 0.34675425884006517,
    "precision": 0.2762809780355021,
    "recall": 0.4714045207910317
  },
  "all_folds": [
    {
      "auc": 0.38095238095238093,
      "accuracy": 0.631578947368421,
      "f1": 0.7741935483870968,
      "precision": 0.631578947368421,
      "recall": 1.0
    },
    {
      "auc": 0.4333333333333333,
      "accuracy": 0.5263157894736842,
      "f1": 0.6896551724137931,
      "precision": 0.5263157894736842,
      "recall": 1.0
    },
    {
      "auc": 0.8522727272727272,
      "accuracy": 0.5789473684210527,
      "f1": 0.0,
      "precision": 0.0,
      "recall": 0.0
    }
  ]
}