{
  "train": {
    "loss": [
      0.6391837497552236,
      0.6328087548414866,
      0.6333754658699036,
      0.6362494230270386,
      0.6310046315193176,
      0.6356514493624369,
      0.6358317832152048,
      0.6368053356806437,
      0.6385053992271423,
      0.6337866385777792,
      0.6343179841836294
    ],
    "auc": [
      0.25874125874125875,
      0.6713286713286714,
      0.6643356643356644,
      0.48251748251748255,
      0.7622377622377623,
      0.4545454545454546,
      0.5174825174825175,
      0.39860139860139865,
      0.3076923076923077,
      0.6153846153846154,
      0.5314685314685315
    ],
    "accuracy": [
      0.4583333333333333,
      0.5833333333333334,
      0.6666666666666666,
      0.5,
      0.7083333333333334,
      0.5416666666666666,
      0.4583333333333333,
      0.5416666666666666,
      0.4583333333333333,
      0.7083333333333334,
      0.5
    ],
    "f1": [
      0.5806451612903226,
      0.7222222222222222,
      0.7647058823529411,
      0.6470588235294118,
      0.7586206896551724,
      0.6666666666666666,
      0.6285714285714286,
      0.6857142857142857,
      0.5806451612903226,
      0.7586206896551724,
      0.6470588235294118
    ]
  },
  "val": {
    "loss": [
      0.6304141084353129,
      0.6304183999697367,
      0.6304217576980591,
      0.6304251948992411,
      0.6304271618525187,
      0.630424698193868,
      0.630424698193868,
      0.6304216384887695,
      0.6304207245508829,
      0.6304166913032532,
      0.6304174462954203
    ],
    "auc": [
      0.4857142857142857,
      0.4857142857142857,
      0.4857142857142857,
      0.4857142857142857,
      0.4857142857142857,
      0.4857142857142857,
      0.4857142857142857,
      0.4857142857142857,
      0.4857142857142857,
      0.4857142857142857,
      0.4857142857142857
    ],
    "accuracy": [
      0.5833333333333334,
      0.5833333333333334,
      0.5833333333333334,
      0.5833333333333334,
      0.5833333333333334,
      0.5833333333333334,
      0.5833333333333334,
      0.5833333333333334,
      0.5833333333333334,
      0.5833333333333334,
      0.5833333333333334
    ],
    "f1": [
      0.7368421052631579,
      0.7368421052631579,
      0.7368421052631579,
      0.7368421052631579,
      0.7368421052631579,
      0.7368421052631579,
      0.7368421052631579,
      0.7368421052631579,
      0.7368421052631579,
      0.7368421052631579,
      0.7368421052631579
    ]
  }
}