{
  "mean": {
    "auc": 0.585648148148148,
    "accuracy": 0.45419103313840153,
    "f1": 0.4194139194139194,
    "precision": 0.3060428849902534,
    "recall": 0.6666666666666666
  },
  "std": {
    "auc": 0.029578949712894976,
    "accuracy": 0.013783757917866422,
    "f1": 0.29678242511986397,
    "precision": 0.21673397913878778,
    "recall": 0.4714045207910317
  },
  "all_folds": [
    {
      "auc": 0.6,
      "accuracy": 0.4444444444444444,
      "f1": 0.6153846153846154,
      "precision": 0.4444444444444444,
      "recall": 1.0
    },
    {
      "auc": 0.5444444444444444,
      "accuracy": 0.47368421052631576,
      "f1": 0.6428571428571429,
      "precision": 0.47368421052631576,
      "recall": 1.0
    },
    {
      "auc": 0.6124999999999999,
      "accuracy": 0.4444444444444444,
      "f1": 0.0,
      "precision": 0.0,
      "recall": 0.0
    }
  ]
}