{
  "train": {
    "loss": [
      0.6970585754939488,
      0.6938852667808533,
      0.6922516567366463,
      0.6955133931977409,
      0.6944378955023629,
      0.6949259553636823,
      0.6945196219852993,
      0.6933871933392116,
      0.6923478841781616,
      0.6928068654877799,
      0.6933626021657672
    ],
    "auc": [
      0.28402366863905326,
      0.49112426035502954,
      0.48520710059171596,
      0.28402366863905326,
      0.33727810650887574,
      0.39644970414201186,
      0.4497041420118343,
      0.5680473372781065,
      0.5443786982248521,
      0.47337278106508873,
      0.4378698224852071
    ],
    "accuracy": [
      0.4230769230769231,
      0.5,
      0.46153846153846156,
      0.4230769230769231,
      0.46153846153846156,
      0.4230769230769231,
      0.5,
      0.46153846153846156,
      0.6538461538461539,
      0.4230769230769231,
      0.5769230769230769
    ],
    "f1": [
      0.5714285714285714,
      0.6060606060606061,
      0.6111111111111112,
      0.5454545454545454,
      0.6111111111111112,
      0.5454545454545454,
      0.6060606060606061,
      0.6111111111111112,
      0.7428571428571429,
      0.5454545454545454,
      0.6857142857142857
    ]
  },
  "val": {
    "loss": [
      0.6934712380170822,
      0.6934787184000015,
      0.6934864073991776,
      0.6934968382120132,
      0.6935030519962311,
      0.6935097128152847,
      0.693512573838234,
      0.6935161352157593,
      0.6935275197029114,
      0.6935398727655411,
      0.6935499310493469
    ],
    "auc": [
      0.35,
      0.35,
      0.35,
      0.35,
      0.35,
      0.35,
      0.32499999999999996,
      0.32499999999999996,
      0.32499999999999996,
      0.32499999999999996,
      0.32499999999999996
    ],
    "accuracy": [
      0.6153846153846154,
      0.6153846153846154,
      0.6153846153846154,
      0.6153846153846154,
      0.6153846153846154,
      0.6153846153846154,
      0.6153846153846154,
      0.6153846153846154,
      0.6153846153846154,
      0.6153846153846154,
      0.6153846153846154
    ],
    "f1": [
      0.7619047619047619,
      0.7619047619047619,
      0.7619047619047619,
      0.7619047619047619,
      0.7619047619047619,
      0.7619047619047619,
      0.7619047619047619,
      0.7619047619047619,
      0.7619047619047619,
      0.7619047619047619,
      0.7619047619047619
    ]
  }
}