{
  "train": {
    "loss": [
      0.6443717571405264,
      0.6442258747724386,
      0.6468944457861093,
      0.6458652867720678,
      0.646904509801131,
      0.6466533839702606,
      0.6470955977073083,
      0.6436265913339762,
      0.6464061507811913,
      0.6430320143699646,
      0.6473617118138534,
      0.6428925876434033,
      0.6431818604469299,
      0.6467732122311225,
      0.6443522549592532,
      0.6467118928065667,
      0.6470664074787726,
      0.6444272123850309,
      0.6433868797925802,
      0.6443511568582975,
      0.6436028228356288,
      0.6457611849674811,
      0.6462898460718302,
      0.6461557906407577,
      0.6436506578555474,
      0.6457653183203477,
      0.6433317707135127,
      0.6432150075068841,
      0.6432546721054957,
      0.6424962030007288,
      0.6463078627219567,
      0.6456119165970728,
      0.6464370145247533,
      0.643514491044558,
      0.6469728304789617,
      0.6432132583398086,
      0.6461815146299509,
      0.6436909185006068,
      0.6463248775555537,
      0.6429261794457068,
      0.6458756992450128,
      0.6424319606560928,
      0.6432065367698669,
      0.6449251656348889,
      0.6455073264928964,
      0.6464501596414126,
      0.6438599343483264
    ],
    "auc": [
      0.4322301024428684,
      0.4637509850275808,
      0.44523246650906223,
      0.5516154452324665,
      0.45350669818754924,
      0.49014972419227737,
      0.4507486209613869,
      0.5157604412923562,
      0.5118203309692672,
      0.5602836879432624,
      0.42040977147360126,
      0.5721040189125296,
      0.5460992907801419,
      0.47399527186761226,
      0.48305752561071713,
      0.4822695035460993,
      0.4152876280535855,
      0.442080378250591,
      0.5354609929078014,
      0.5130023640661939,
      0.5527974783293932,
      0.5299448384554768,
      0.5405831363278172,
      0.5047281323877069,
      0.5319148936170213,
      0.5492513790386131,
      0.5811662726556344,
      0.6024428684003152,
      0.5612687155240347,
      0.6091410559495666,
      0.5094562647754137,
      0.5594956658786446,
      0.5263987391646967,
      0.48936170212765956,
      0.48581560283687947,
      0.5949566587864461,
      0.5354609929078014,
      0.5307328605200945,
      0.5437352245862884,
      0.5571315996847912,
      0.5200945626477542,
      0.6178092986603625,
      0.5352639873916469,
      0.6118991331757289,
      0.565799842395587,
      0.5275807722616233,
      0.5110323089046493
    ],
    "accuracy": [
      0.45544554455445546,
      0.4752475247524752,
      0.46534653465346537,
      0.504950495049505,
      0.44554455445544555,
      0.504950495049505,
      0.4752475247524752,
      0.5445544554455446,
      0.48514851485148514,
      0.5841584158415841,
      0.40594059405940597,
      0.6039603960396039,
      0.5148514851485149,
      0.48514851485148514,
      0.42574257425742573,
      0.5346534653465347,
      0.42574257425742573,
      0.44554455445544555,
      0.504950495049505,
      0.48514851485148514,
      0.5346534653465347,
      0.5346534653465347,
      0.5742574257425742,
      0.5445544554455446,
      0.5148514851485149,
      0.48514851485148514,
      0.5643564356435643,
      0.5643564356435643,
      0.5544554455445545,
      0.594059405940594,
      0.49504950495049505,
      0.5643564356435643,
      0.5346534653465347,
      0.5544554455445545,
      0.504950495049505,
      0.5544554455445545,
      0.5247524752475248,
      0.5445544554455446,
      0.5643564356435643,
      0.5841584158415841,
      0.5148514851485149,
      0.5346534653465347,
      0.5247524752475248,
      0.6039603960396039,
      0.5643564356435643,
      0.5643564356435643,
      0.5148514851485149
    ],
    "f1": [
      0.5299145299145299,
      0.5225225225225225,
      0.5344827586206896,
      0.5535714285714286,
      0.48148148148148145,
      0.5370370370370371,
      0.5225225225225225,
      0.6101694915254238,
      0.559322033898305,
      0.65,
      0.4444444444444444,
      0.6610169491525424,
      0.5882352941176471,
      0.5357142857142857,
      0.532258064516129,
      0.584070796460177,
      0.49122807017543857,
      0.5087719298245614,
      0.5689655172413793,
      0.5666666666666667,
      0.624,
      0.5688073394495413,
      0.6194690265486725,
      0.6290322580645161,
      0.608,
      0.5517241379310345,
      0.6271186440677966,
      0.5925925925925926,
      0.6153846153846154,
      0.6434782608695652,
      0.5785123966942148,
      0.6,
      0.591304347826087,
      0.6086956521739131,
      0.5370370370370371,
      0.6086956521739131,
      0.5789473684210527,
      0.603448275862069,
      0.6451612903225806,
      0.631578947368421,
      0.5585585585585585,
      0.6178861788617886,
      0.5714285714285714,
      0.6296296296296297,
      0.5849056603773585,
      0.6,
      0.5663716814159292
    ]
  },
  "val": {
    "loss": [
      0.6538096070289612,
      0.6537958842057449,
      0.6537982546366178,
      0.6537850957650405,
      0.653771854363955,
      0.6537498373251694,
      0.6537318917421194,
      0.6537126486118023,
      0.6537014658634479,
      0.6536851158508887,
      0.6536805400481591,
      0.6536688988025372,
      0.6536586147088271,
      0.6536424022454482,
      0.6536208391189575,
      0.653620875798739,
      0.6536151812626765,
      0.6536007936184223,
      0.6536151583378131,
      0.6536084184279809,
      0.6536294359427232,
      0.6536162220514737,
      0.6535974007386428,
      0.6535944801110488,
      0.6535736597501315,
      0.6535545816788306,
      0.653535586137038,
      0.6535241833099952,
      0.6535237110578097,
      0.6535011805020846,
      0.6534792826725886,
      0.6534652847510117,
      0.6534417821810796,
      0.6533874640097985,
      0.6533930851862981,
      0.6533743188931391,
      0.6533658825434171,
      0.6533495921355027,
      0.6533420452704797,
      0.6533201703658471,
      0.6533186664948096,
      0.6532674340101389,
      0.6532355134303753,
      0.6531905486033514,
      0.6531057357788086,
      0.6530737922741816,
      0.6530454204632685
    ],
    "auc": [
      0.4902597402597403,
      0.5016233766233766,
      0.5016233766233766,
      0.5016233766233766,
      0.5162337662337663,
      0.5324675324675325,
      0.5438311688311689,
      0.5600649350649352,
      0.5811688311688312,
      0.5795454545454546,
      0.599025974025974,
      0.599025974025974,
      0.599025974025974,
      0.612012987012987,
      0.6266233766233766,
      0.625,
      0.6347402597402597,
      0.6412337662337663,
      0.6558441558441559,
      0.661525974025974,
      0.6607142857142858,
      0.6623376623376623,
      0.6704545454545454,
      0.6785714285714286,
      0.6866883116883117,
      0.6834415584415585,
      0.6818181818181819,
      0.6883116883116883,
      0.6931818181818181,
      0.6964285714285714,
      0.7012987012987013,
      0.7045454545454546,
      0.7077922077922079,
      0.7110389610389611,
      0.7126623376623378,
      0.7126623376623377,
      0.7142857142857143,
      0.7126623376623377,
      0.711038961038961,
      0.7094155844155845,
      0.702922077922078,
      0.7061688311688312,
      0.7045454545454546,
      0.702922077922078,
      0.7094155844155844,
      0.711038961038961,
      0.7077922077922079
    ],
    "accuracy": [
      0.44,
      0.44,
      0.44,
      0.44,
      0.44,
      0.44,
      0.44,
      0.44,
      0.44,
      0.44,
      0.44,
      0.44,
      0.44,
      0.44,
      0.44,
      0.44,
      0.44,
      0.44,
      0.44,
      0.44,
      0.44,
      0.44,
      0.44,
      0.44,
      0.44,
      0.44,
      0.44,
      0.44,
      0.44,
      0.44,
      0.44,
      0.44,
      0.48,
      0.5,
      0.5,
      0.5,
      0.5,
      0.5,
      0.5,
      0.5,
      0.5,
      0.6,
      0.6,
      0.62,
      0.64,
      0.66,
      0.64
    ],