{
  "train": {
    "loss": [
      0.7440223321318626,
      0.739225372672081,
      0.7383415177464485,
      0.7362310439348221,
      0.7375490590929985,
      0.742715135216713,
      0.7371842339634895,
      0.7362198159098625,
      0.7414467036724091,
      0.73957759141922,
      0.7405571863055229,
      0.7431356757879257,
      0.7421096041798592,
      0.7360735088586807,
      0.7437508255243301,
      0.7416306883096695
    ],
    "auc": [
      0.375,
      0.5401785714285714,
      0.5625,
      0.5491071428571429,
      0.6919642857142857,
      0.4776785714285714,
      0.6785714285714286,
      0.5089285714285714,
      0.6428571428571428,
      0.5446428571428571,
      0.4017857142857143,
      0.4732142857142857,
      0.5535714285714286,
      0.4508928571428571,
      0.4330357142857143,
      0.6026785714285714
    ],
    "accuracy": [
      0.4,
      0.6,
      0.6,
      0.5,
      0.5666666666666667,
      0.43333333333333335,
      0.6,
      0.5666666666666667,
      0.5666666666666667,
      0.5666666666666667,
      0.4,
      0.5,
      0.5333333333333333,
      0.5,
      0.4,
      0.5333333333333333
    ],
    "f1": [
      0.18181818181818182,
      0.4,
      0.3333333333333333,
      0.4,
      0.3157894736842105,
      0.19047619047619047,
      0.5384615384615384,
      0.3157894736842105,
      0.3157894736842105,
      0.43478260869565216,
      0.18181818181818182,
      0.2857142857142857,
      0.36363636363636365,
      0.34782608695652173,
      0.1,
      0.36363636363636365
    ]
  },
  "val": {
    "loss": [
      0.7382330298423767,
      0.738233894109726,
      0.7382266819477081,
      0.7382220327854156,
      0.7382185459136963,
      0.7382147908210754,
      0.7382112145423889,
      0.7382058799266815,
      0.7381985038518906,
      0.7381890714168549,
      0.7381829172372818,
      0.73817378282547,
      0.7381678223609924,
      0.7381618767976761,
      0.7381535768508911,
      0.7381516098976135
    ],
    "auc": [
      0.7142857142857143,
      0.7142857142857143,
      0.7142857142857143,
      0.7142857142857143,
      0.7142857142857143,
      0.6964285714285714,
      0.6785714285714286,
      0.6785714285714286,
      0.6785714285714286,
      0.6785714285714286,
      0.6785714285714286,
      0.6964285714285714,
      0.6964285714285714,
      0.6964285714285714,
      0.6964285714285714,
      0.6964285714285714
    ],
    "accuracy": [
      0.5333333333333333,
      0.5333333333333333,
      0.5333333333333333,
      0.5333333333333333,
      0.5333333333333333,
      0.5333333333333333,
      0.5333333333333333,
      0.5333333333333333,
      0.5333333333333333,
      0.5333333333333333,
      0.5333333333333333,
      0.5333333333333333,
      0.5333333333333333,
      0.5333333333333333,
      0.5333333333333333,
      0.5333333333333333
    ],
    "f1": [
      0.0,
      0.0,
      0.0,
      0.0,
      0.0,
      0.0,
      0.0,
      0.0,
      0.0,
      0.0,
      0.0,
      0.0,
      0.0,
      0.0,
      0.0,
      0.0
    ]
  }
}