{
  "train": {
    "loss": [
      0.6433182507753372,
      0.6487190797924995,
      0.646282009780407,
      0.6467703506350517,
      0.6475856006145477,
      0.6475859507918358,
      0.6478976756334305,
      0.6452112197875977,
      0.6470638737082481,
      0.6433339342474937,
      0.6487608477473259,
      0.6425427496433258,
      0.6437873095273972,
      0.6454117521643639,
      0.6435670852661133,
      0.6433716043829918,
      0.6470693647861481,
      0.6459022760391235,
      0.6426865756511688,
      0.6475352421402931,
      0.6512334644794464,
      0.6528735384345055,
      0.6444111913442612,
      0.6460769474506378,
      0.6497418880462646,
      0.6458700895309448,
      0.6479450091719627,
      0.6484957486391068,
      0.6477656066417694,
      0.6431304812431335,
      0.6456840112805367,
      0.6469153836369514,
      0.6460624486207962,
      0.6432691961526871,
      0.6470187827944756,
      0.6441457569599152,
      0.6464371308684349,
      0.6479787826538086,
      0.6436911225318909,
      0.6515795215964317,
      0.6458280086517334,
      0.6416534036397934,
      0.6415459737181664,
      0.6442919597029686,
      0.6425611451268196,
      0.6437914073467255,
      0.6467105820775032,
      0.6396069973707199,
      0.6424490436911583,
      0.6476945802569389,
      0.6468392536044121,
      0.6492123603820801,
      0.6471234112977982,
      0.6419101059436798,
      0.647139772772789,
      0.6436269357800484,
      0.6437750533223152,
      0.6436282098293304,
      0.6432237476110458,
      0.6459772065281868,
      0.6431106999516487,
      0.6459401696920395,
      0.6455151438713074,
      0.6453998312354088,
      0.645986832678318,
      0.6461667567491531,
      0.6477527543902397,
      0.6416689306497574,
      0.6420684680342674,
      0.6464108228683472,
      0.6479821503162384,
      0.6473031640052795,
      0.6496364772319794,
      0.6448376700282097,
      0.6475303471088409,
      0.6495605111122131,
      0.6442711278796196,
      0.6461797207593918,
      0.6472051441669464,
      0.6467724964022636,
      0.6408013626933098,
      0.6502568125724792,
      0.6462974771857262
    ],
    "auc": [
      0.5803571428571429,
      0.40178571428571425,
      0.6607142857142856,
      0.5803571428571429,
      0.41071428571428575,
      0.4910714285714286,
      0.44196428571428575,
      0.6696428571428572,
      0.5089285714285714,
      0.5848214285714286,
      0.59375,
      0.5982142857142857,
      0.5223214285714286,
      0.5714285714285714,
      0.5446428571428571,
      0.5982142857142858,
      0.4642857142857143,
      0.6428571428571428,
      0.6160714285714286,
      0.4821428571428571,
      0.4419642857142857,
      0.3973214285714286,
      0.4330357142857143,
      0.625,
      0.5401785714285714,
      0.5982142857142857,
      0.7187500000000001,
      0.4375,
      0.4598214285714286,
      0.5446428571428572,
      0.36607142857142855,
      0.5580357142857144,
      0.6383928571428572,
      0.59375,
      0.4464285714285714,
      0.5133928571428572,
      0.5446428571428572,
      0.4642857142857143,
      0.5803571428571429,
      0.37500000000000006,
      0.6160714285714286,
      0.6473214285714286,
      0.6607142857142857,
      0.46875,
      0.6517857142857143,
      0.49999999999999994,
      0.5446428571428572,
      0.7767857142857143,
      0.5446428571428572,
      0.4375,
      0.5267857142857142,
      0.38839285714285715,
      0.4642857142857143,
      0.5491071428571429,
      0.4553571428571429,
      0.7232142857142857,
      0.5669642857142857,
      0.7678571428571428,
      0.5133928571428572,
      0.59375,
      0.5491071428571429,
      0.6785714285714287,
      0.3616071428571429,
      0.6294642857142857,
      0.6160714285714286,
      0.5669642857142857,
      0.6607142857142857,
      0.6785714285714286,
      0.8616071428571429,
      0.5892857142857142,
      0.6696428571428571,
      0.5,
      0.6026785714285714,
      0.40178571428571425,
      0.5,
      0.5357142857142857,
      0.7410714285714286,
      0.5580357142857143,
      0.5267857142857143,
      0.8125,
      0.7008928571428572,
      0.5535714285714286,
      0.5669642857142858
    ],
    "accuracy": [
      0.6,
      0.5,
      0.6,
      0.43333333333333335,
      0.5,
      0.5666666666666667,
      0.5666666666666667,
      0.6333333333333333,
      0.5,
      0.5666666666666667,
      0.5666666666666667,
      0.6,
      0.4666666666666667,
      0.5,
      0.5,
      0.6333333333333333,
      0.5,
      0.6,
      0.5666666666666667,
      0.5333333333333333,
      0.5333333333333333,
      0.5333333333333333,
      0.6,
      0.6333333333333333,
      0.5666666666666667,
      0.6,
      0.5666666666666667,
      0.5,
      0.5,
      0.6,
      0.5333333333333333,
      0.5,
      0.5333333333333333,
      0.5666666666666667,
      0.4666666666666667,
      0.6,
      0.5666666666666667,
      0.5333333333333333,
      0.43333333333333335,
      0.4,
      0.5666666666666667,
      0.5666666666666667,
      0.6333333333333333,
      0.5,
      0.6333333333333333,
      0.5333333333333333,
      0.5,
      0.6,
      0.4666666666666667,
      0.5,
      0.43333333333333335,
      0.5,
      0.43333333333333335,
      0.5,
      0.6,
      0.6333333333333333,
      0.5666666666666667,
      0.7333333333333333,
      0.5333333333333333,
      0.5,
      0.5333333333333333,
      0.5,
      0.5,
      0.6333333333333333,
      0.5666666666666667,
      0.5,
      0.5666666666666667,
      0.6666666666666666,
      0.6,
      0.5,
      0.5333333333333333,
      0.5,
      0.5,
      0.5333333333333333,
      0.5,
      0.6333333333333333,
      0.6,
      0.5,
      0.5666666666666667,
      0.5333333333333333,
      0.5666666666666667,
      0.5,
      0.43333333333333335
    ],