{
  "train": {
    "loss": [
      0.4625132977962494,
      0.46348339319229126,
      0.46225666006406146,
      0.4617450435956319,
      0.46291931966940564,
      0.4635777125755946,
      0.4626813530921936,
      0.46171774466832477,
      0.4617411394913991,
      0.46332598229249317,
      0.4605163037776947,
      0.46277666588624317
    ],
    "auc": [
      0.421875,
      0.375,
      0.515625,
      0.5546875,
      0.515625,
      0.3046875,
      0.4296875,
      0.53125,
      0.5078125,
      0.3671875,
      0.6484375,
      0.3984375
    ],
    "accuracy": [
      0.5,
      0.5833333333333334,
      0.625,
      0.625,
      0.625,
      0.5,
      0.625,
      0.5833333333333334,
      0.625,
      0.4583333333333333,
      0.6666666666666666,
      0.4583333333333333
    ],
    "f1": [
      0.6470588235294118,
      0.7222222222222222,
      0.7567567567567568,
      0.7428571428571429,
      0.7272727272727273,
      0.6666666666666666,
      0.7567567567567568,
      0.6875,
      0.7272727272727273,
      0.5806451612903226,
      0.7894736842105263,
      0.6060606060606061
    ]
  },
  "val": {
    "loss": [
      0.49156951904296875,
      0.49157126744588214,
      0.4915672143300374,
      0.4915669461091359,
      0.49157146612803143,
      0.4915745258331299,
      0.4915776153405507,
      0.49158015847206116,
      0.49157873789469403,
      0.4915756781895955,
      0.49157533049583435,
      0.4915694197018941
    ],
    "auc": [
      0.5714285714285714,
      0.6000000000000001,
      0.6000000000000001,
      0.6000000000000001,
      0.6000000000000001,
      0.6000000000000001,
      0.6000000000000001,
      0.6000000000000001,
      0.6000000000000001,
      0.6000000000000001,
      0.6000000000000001,
      0.6000000000000001
    ],
    "accuracy": [
      0.5833333333333334,
      0.5833333333333334,
      0.5833333333333334,
      0.5833333333333334,
      0.5833333333333334,
      0.5833333333333334,
      0.5833333333333334,
      0.5833333333333334,
      0.5833333333333334,
      0.5833333333333334,
      0.5833333333333334,
      0.5833333333333334
    ],
    "f1": [
      0.7368421052631579,
      0.7368421052631579,
      0.7368421052631579,
      0.7368421052631579,
      0.7368421052631579,
      0.7368421052631579,
      0.7368421052631579,
      0.7368421052631579,
      0.7368421052631579,
      0.7368421052631579,
      0.7368421052631579,
      0.7368421052631579
    ]
  }
}