{
  "train": {
    "loss": [
      0.6938715775807699,
      0.695305585861206,
      0.6946347157160441,
      0.6917739709218343,
      0.69438236951828,
      0.6948609352111816,
      0.6966900626818339,
      0.6948648492495219,
      0.6929560502370199,
      0.6927328308423361,
      0.6917071541150411
    ],
    "auc": [
      0.41666666666666663,
      0.33333333333333337,
      0.41666666666666674,
      0.5833333333333333,
      0.4444444444444444,
      0.3611111111111111,
      0.1388888888888889,
      0.3333333333333333,
      0.4722222222222222,
      0.5277777777777778,
      0.6666666666666667
    ],
    "accuracy": [
      0.3333333333333333,
      0.5,
      0.5,
      0.5,
      0.4166666666666667,
      0.4166666666666667,
      0.4166666666666667,
      0.5833333333333334,
      0.5,
      0.5,
      0.5833333333333334
    ],
    "f1": [
      0.42857142857142855,
      0.625,
      0.625,
      0.5,
      0.5333333333333333,
      0.46153846153846156,
      0.5882352941176471,
      0.7058823529411765,
      0.625,
      0.625,
      0.6153846153846154
    ]
  },
  "val": {
    "loss": [
      0.6911641359329224,
      0.691165417432785,
      0.6911696493625641,
      0.6911747753620148,
      0.6911789178848267,
      0.6911854445934296,
      0.6911895275115967,
      0.6911963224411011,
      0.6912015676498413,
      0.6912059187889099,
      0.6912110149860382
    ],
    "auc": [
      0.6,
      0.6,
      0.6,
      0.6,
      0.6,
      0.5,
      0.5,
      0.4,
      0.4,
      0.4,
      0.4
    ],
    "accuracy": [
      0.7142857142857143,
      0.7142857142857143,
      0.7142857142857143,
      0.7142857142857143,
      0.7142857142857143,
      0.7142857142857143,
      0.7142857142857143,
      0.7142857142857143,
      0.7142857142857143,
      0.7142857142857143,
      0.7142857142857143
    ],
    "f1": [
      0.8333333333333334,
      0.8333333333333334,
      0.8333333333333334,
      0.8333333333333334,
      0.8333333333333334,
      0.8333333333333334,
      0.8333333333333334,
      0.8333333333333334,
      0.8333333333333334,
      0.8333333333333334,
      0.8333333333333334
    ]
  }
}