{
  "train": {
    "loss": [
      0.6493225544691086,
      0.6482064723968506,
      0.6437614932656288,
      0.6456776633858681,
      0.6449058204889297,
      0.6475107446312904,
      0.646046444773674,
      0.6490778997540474,
      0.6490782052278519,
      0.6519388258457184,
      0.6469775214791298,
      0.65279670804739,
      0.6507391259074211,
      0.6471178829669952,
      0.6445079520344734,
      0.6492591723799706,
      0.645775705575943,
      0.6467167139053345,
      0.6488369926810265,
      0.6466385722160339,
      0.6478558778762817,
      0.6490747705101967,
      0.6436725184321404,
      0.6452641189098358,
      0.6481576934456825,
      0.642743818461895,
      0.6452410519123077,
      0.6468983739614487,
      0.6498138606548309,
      0.6455836072564125,
      0.6486759632825851,
      0.6460226327180862,
      0.6480936482548714,
      0.6449468657374382,
      0.64761932939291,
      0.6481276601552963,
      0.6475727185606956,
      0.6473620682954788,
      0.6430777460336685,
      0.6491511538624763,
      0.6463048085570335,
      0.6461285948753357,
      0.6478995978832245,
      0.6481132805347443,
      0.6471594572067261,
      0.6490289643406868,
      0.6479779928922653,
      0.6494529619812965,
      0.6480423137545586,
      0.6499609500169754,
      0.6463673934340477
    ],
    "auc": [
      0.5669642857142857,
      0.6294642857142858,
      0.6160714285714286,
      0.5580357142857143,
      0.45535714285714285,
      0.48660714285714285,
      0.6696428571428572,
      0.5535714285714286,
      0.5223214285714286,
      0.26339285714285715,
      0.49107142857142855,
      0.21875000000000003,
      0.41071428571428575,
      0.4910714285714286,
      0.4598214285714286,
      0.59375,
      0.5848214285714286,
      0.53125,
      0.3526785714285714,
      0.5714285714285715,
      0.38839285714285715,
      0.5669642857142857,
      0.6473214285714285,
      0.7008928571428572,
      0.3258928571428572,
      0.6830357142857143,
      0.47321428571428575,
      0.25,
      0.5178571428571428,
      0.3794642857142857,
      0.5892857142857143,
      0.5803571428571429,
      0.45089285714285715,
      0.4776785714285714,
      0.4821428571428571,
      0.3973214285714286,
      0.44196428571428575,
      0.4464285714285714,
      0.6517857142857142,
      0.3705357142857143,
      0.2767857142857143,
      0.33482142857142855,
      0.4553571428571429,
      0.42410714285714285,
      0.5089285714285714,
      0.3392857142857143,
      0.4017857142857143,
      0.49107142857142855,
      0.6205357142857143,
      0.4508928571428572,
      0.5625
    ],
    "accuracy": [
      0.4666666666666667,
      0.6333333333333333,
      0.6,
      0.4666666666666667,
      0.43333333333333335,
      0.5333333333333333,
      0.6666666666666666,
      0.5333333333333333,
      0.5666666666666667,
      0.36666666666666664,
      0.4666666666666667,
      0.3,
      0.4666666666666667,
      0.4666666666666667,
      0.4666666666666667,
      0.5333333333333333,
      0.4666666666666667,
      0.5,
      0.43333333333333335,
      0.4,
      0.5,
      0.5,
      0.5666666666666667,
      0.5333333333333333,
      0.36666666666666664,
      0.6,
      0.43333333333333335,
      0.4,
      0.5,
      0.5333333333333333,
      0.6,
      0.4666666666666667,
      0.5,
      0.6,
      0.4,
      0.43333333333333335,
      0.36666666666666664,
      0.4,
      0.4666666666666667,
      0.4,
      0.3333333333333333,
      0.5,
      0.4,
      0.5,
      0.5333333333333333,
      0.36666666666666664,
      0.43333333333333335,
      0.5,
      0.5333333333333333,
      0.5333333333333333,
      0.5666666666666667
    ],
    "f1": [
      0.3333333333333333,
      0.5217391304347826,
      0.45454545454545453,
      0.38461538461538464,
      0.19047619047619047,
      0.4166666666666667,
      0.6153846153846154,
      0.36363636363636365,
      0.43478260869565216,
      0.09523809523809523,
      0.2727272727272727,
      0.16,
      0.3333333333333333,
      0.2727272727272727,
      0.38461538461538464,
      0.46153846153846156,
      0.2727272727272727,
      0.34782608695652173,
      0.32,
      0.25,
      0.34782608695652173,
      0.21052631578947367,
      0.43478260869565216,
      0.4166666666666667,
      0.24,
      0.5,
      0.32,
      0.18181818181818182,
      0.34782608695652173,
      0.3,
      0.45454545454545453,
      0.38461538461538464,
      0.34782608695652173,
      0.5384615384615384,
      0.25,
      0.32,
      0.17391304347826086,
      0.25,
      0.2727272727272727,
      0.25,
      0.16666666666666666,
      0.2857142857142857,
      0.3076923076923077,
      0.34782608695652173,
      0.36363636363636365,
      0.2962962962962963,
      0.37037037037037035,
      0.34782608695652173,
      0.36363636363636365,
      0.5,
      0.43478260869565216
    ]
  },
  "val": {
    "loss": [
      0.6624605357646942,
      0.662450298666954,
      0.6624458879232407,
      0.6624431312084198,
      0.6624386161565781,
      0.6624383181333542,
      0.6624380797147751,
      0.6624370813369751,
      0.6624379605054855,
      0.6624327450990677,
      0.662430077791214,
      0.6624293327331543,
      0.6624282449483871,
      0.662421241402626,
      0.6624135971069336,
      0.6624149978160858,
      0.662407636642456,
      0.6623964756727219,
      0.6623904556035995,
      0.6623904705047607,
      0.6623944193124771,
      0.6623927801847458,
      0.6623818278312683,
      0.6623810678720474,
      0.6623819470405579,
      0.6623824238777161,
      0.6623890548944473,
      0.6623877584934235,
      0.662395179271698,
      0.6623947620391846,
      0.6623970717191696,
      0.6623985320329666,
      0.6624030023813248,
      0.6624056994915009,
      0.6624104380607605,
      0.6624098271131516,
      0.6624029725790024,
      0.6623983234167099,
      0.6623913943767548,
      0.6623877137899399,
      0.6623899042606354,
      0.6623980402946472,
      0.6624106466770172,
      0.6624180227518082,
      0.662421315908432,
      0.6624255329370499,
      0.6624300926923752,
      0.6624274700880051,
      0.6624222248792648,
      0.6624109894037247,
      0.6624045819044113
    ],
    "auc": [
      0.45999999999999996,
      0.5,
      0.5,
      0.5,
      0.5,
      0.5,
      0.5,
      0.5,
      0.5,
      0.5,
      0.5,
      0.5,
      0.52,
      0.54,
      0.54,
      0.54,
      0.56,
      0.56,
      0.56,
      0.5800000000000001,
      0.5800000000000001,
      0.56,
      0.56,
      0.5800000000000001,
      0.5800000000000001,
      0.5800000000000001,
      0.5800000000000001,
      0.5800000000000001,
      0.6000000000000001,
      0.6000000000000001,
      0.6000000000000001,
      0.6000000000000001,
      0.6000000000000001,
      0.6000000000000001,
      0.6000000000000001,
      0.62,
      0.62,
      0.62,
      0.62,
      0.62,
      0.62,
      0.62,
      0.6000000000000001,
      0.6000000000000001,
      0.6000000000000001,
      0.62,
      0.62,
      0.6,
      0.5800000000000001,
      0.5800000000000001,
      0.6000000000000001
    ],