{
  "mean": {
    "auc": 0.3183233433233433,
    "accuracy": 0.40740740740740744,
    "f1": 0.42476190476190484,
    "precision": 0.3148148148148148,
    "recall": 0.6666666666666666
  },
  "std": {
    "auc": 0.019108362429311253,
    "accuracy": 0.11415581486979585,
    "f1": 0.3068854587745341,
    "precision": 0.2327741683328988,
    "recall": 0.4714045207910317
  },
  "all_folds": [
    {
      "auc": 0.32499999999999996,
      "accuracy": 0.5555555555555556,
      "f1": 0.7142857142857143,
      "precision": 0.5555555555555556,
      "recall": 1.0
    },
    {
      "auc": 0.33766233766233766,
      "accuracy": 0.3888888888888889,
      "f1": 0.56,
      "precision": 0.3888888888888889,
      "recall": 1.0
    },
    {
      "auc": 0.2923076923076923,
      "accuracy": 0.2777777777777778,
      "f1": 0.0,
      "precision": 0.0,
      "recall": 0.0
    }
  ]
}