{
  "train": {
    "loss": [
      0.5195143137659345,
      0.4866162325654711,
      0.5200025737285614,
      0.4868208255086626,
      0.5173318811825344,
      0.48820333395685467,
      0.4865637336458479,
      0.48779983605657307,
      0.48661379728998455,
      0.51956564613751,
      0.4872618317604065,
      0.5209041408130101,
      0.5195696694510323
    ],
    "auc": [
      0.5416666666666667,
      0.5277777777777778,
      0.4930555555555556,
      0.42361111111111116,
      0.8125,
      0.4097222222222222,
      0.5902777777777778,
      0.5486111111111112,
      0.5625,
      0.625,
      0.513888888888889,
      0.45833333333333337,
      0.5902777777777778
    ],
    "accuracy": [
      0.64,
      0.64,
      0.56,
      0.52,
      0.72,
      0.48,
      0.6,
      0.52,
      0.68,
      0.6,
      0.52,
      0.6,
      0.56
    ],
    "f1": [
      0.7428571428571429,
      0.7567567567567568,
      0.6857142857142857,
      0.6666666666666666,
      0.8,
      0.6486486486486487,
      0.7368421052631579,
      0.6470588235294118,
      0.7647058823529411,
      0.7222222222222222,
      0.6,
      0.7222222222222222,
      0.6666666666666666
    ]
  },
  "val": {
    "loss": [
      0.6024508252739906,
      0.6024523749947548,
      0.6024476662278175,
      0.6024530380964279,
      0.6024643927812576,
      0.6024660542607307,
      0.6024721935391426,
      0.6024799346923828,
      0.6024875491857529,
      0.6025001257658005,
      0.6024996638298035,
      0.6025043278932571,
      0.6025048047304153
    ],
    "auc": [
      0.42500000000000004,
      0.42500000000000004,
      0.45000000000000007,
      0.45000000000000007,
      0.45000000000000007,
      0.45000000000000007,
      0.45000000000000007,
      0.45000000000000007,
      0.45000000000000007,
      0.42500000000000004,
      0.42500000000000004,
      0.42500000000000004,
      0.42500000000000004
    ],
    "accuracy": [
      0.38461538461538464,
      0.38461538461538464,
      0.38461538461538464,
      0.38461538461538464,
      0.38461538461538464,
      0.38461538461538464,
      0.38461538461538464,
      0.38461538461538464,
      0.38461538461538464,
      0.38461538461538464,
      0.38461538461538464,
      0.38461538461538464,
      0.38461538461538464
    ],
    "f1": [
      0.5555555555555556,
      0.5555555555555556,
      0.5555555555555556,
      0.5555555555555556,
      0.5555555555555556,
      0.5555555555555556,
      0.5555555555555556,
      0.5555555555555556,
      0.5555555555555556,
      0.5555555555555556,
      0.5555555555555556,
      0.5555555555555556,
      0.5555555555555556
    ]
  }
}