{
  "train": {
    "loss": [
      0.587342347090061,
      0.5880940969173725,
      0.5878158922378833,
      0.5878705221873063,
      0.5880999748523419,
      0.5872619977364173,
      0.5930532835997068,
      0.5930601633512057,
      0.587570309638977,
      0.5884328920107621,
      0.5881287799431727,
      0.5934782647169553,
      0.5925550254491659,
      0.5938758552074432,
      0.5881260862717261,
      0.593017387848634,
      0.5876822379919199,
      0.5880912909140954,
      0.5880515896357023,
      0.5881403271968548,
      0.5876829165678757,
      0.5933396472380712,
      0.592866796713609,
      0.5875075000983018,
      0.5935048965307382,
      0.5937917897334466,
      0.5932731720117422,
      0.5932332346072564,
      0.5875595716329721,
      0.5931452650290269,
      0.5930674901375403,
      0.5931085050106049,
      0.5877981988283304,
      0.5875950914162856,
      0.5930840166715475,
      0.5933389319823339,
      0.587795214011119,
      0.5930594480954684,
      0.5876716352426089,
      0.5876032733000242,
      0.5879918405642877,
      0.5875350832939148,
      0.5877069303622613,
      0.5873891275662643,
      0.5874928006759057,
      0.5929862581766568,
      0.5878346080963428,
      0.5875136462541727,
      0.5926226537961227,
      0.5875496910168574,
      0.5872813256887289,
      0.5872515004414779
    ],
    "auc": [
      0.5890136327185245,
      0.4863672814755413,
      0.5076182838813151,
      0.5100240577385726,
      0.46792301523656776,
      0.6319165998396151,
      0.5850040096230954,
      0.5284683239775461,
      0.5633520449077787,
      0.4117882919005614,
      0.47995188452285487,
      0.4562951082598236,
      0.6246992782678428,
      0.3961507618283881,
      0.48155573376102645,
      0.5252606255012029,
      0.5298716920609463,
      0.4522854851643946,
      0.45028067361668,
      0.49198075380914197,
      0.5088211708099438,
      0.5228548516439455,
      0.5425020048115478,
      0.6046511627906976,
      0.48115477145148355,
      0.4566960705693665,
      0.5208500400962309,
      0.49037690457097033,
      0.5509222133119487,
      0.5276663993584603,
      0.5625501202886929,
      0.5461106655974338,
      0.5152365677626303,
      0.5537289494787491,
      0.5168404170008019,
      0.47554129911788295,
      0.5264635124298316,
      0.5404971932638332,
      0.5481154771451483,
      0.5613472333600641,
      0.44025661587810744,
      0.5441058540497193,
      0.5132317562149158,
      0.5611467522052926,
      0.5938251804330393,
      0.5589414595028068,
      0.5086206896551725,
      0.532878909382518,
      0.6230954290296713,
      0.5641539695268645,
      0.6728147554129912,
      0.6515637530072173
    ],
    "accuracy": [
      0.5643564356435643,
      0.5544554455445545,
      0.5841584158415841,
      0.5742574257425742,
      0.5544554455445545,
      0.5742574257425742,
      0.5841584158415841,
      0.5445544554455446,
      0.5544554455445545,
      0.5346534653465347,
      0.5742574257425742,
      0.5544554455445545,
      0.6039603960396039,
      0.5643564356435643,
      0.5346534653465347,
      0.504950495049505,
      0.5643564356435643,
      0.5445544554455446,
      0.5544554455445545,
      0.6039603960396039,
      0.5742574257425742,
      0.5346534653465347,
      0.594059405940594,
      0.5841584158415841,
      0.5544554455445545,
      0.5247524752475248,
      0.5742574257425742,
      0.5643564356435643,
      0.5247524752475248,
      0.5643564356435643,
      0.5841584158415841,
      0.5643564356435643,
      0.5247524752475248,
      0.5346534653465347,
      0.5643564356435643,
      0.5346534653465347,
      0.5445544554455446,
      0.5544554455445545,
      0.5544554455445545,
      0.5544554455445545,
      0.5148514851485149,
      0.5742574257425742,
      0.5148514851485149,
      0.5841584158415841,
      0.5742574257425742,
      0.5643564356435643,
      0.5247524752475248,
      0.5247524752475248,
      0.5841584158415841,
      0.5544554455445545,
      0.6336633663366337,
      0.6039603960396039
    ],
    "f1": [
      0.7027027027027027,
      0.697986577181208,
      0.7162162162162162,
      0.7152317880794702,
      0.7096774193548387,
      0.7152317880794702,
      0.7272727272727273,
      0.6933333333333334,
      0.7019867549668874,
      0.6887417218543046,
      0.7152317880794702,
      0.7058823529411765,
      0.7402597402597403,
      0.7105263157894737,
      0.6967741935483871,
      0.6575342465753424,
      0.7066666666666667,
      0.6933333333333334,
      0.7133757961783439,
      0.7402597402597403,
      0.7225806451612903,
      0.6887417218543046,
      0.7354838709677419,
      0.7236842105263158,
      0.7096774193548387,
      0.68,
      0.7261146496815286,
      0.7027027027027027,
      0.68,
      0.7066666666666667,
      0.7236842105263158,
      0.7105263157894737,
      0.68,
      0.6845637583892618,
      0.7105263157894737,
      0.6928104575163399,
      0.6891891891891891,
      0.697986577181208,
      0.6938775510204082,
      0.697986577181208,
      0.6754966887417219,
      0.7074829931972789,
      0.6573426573426573,
      0.72,
      0.7152317880794702,
      0.7066666666666667,
      0.6712328767123288,
      0.68,
      0.7123287671232876,
      0.697986577181208,
      0.7581699346405228,
      0.7297297297297297
    ]
  },
  "val": {
    "loss": [
      0.5861587386864883,
      0.5861558868334844,
      0.5861513706353995,
      0.5861478081116309,
      0.5861471203657297,
      0.5861438650351304,
      0.586139976978302,
      0.5861369463113638,
      0.5861380421198331,
      0.5861344291613653,
      0.5861334250523493,
      0.5861288538345923,
      0.5861269464859595,
      0.586123539851262,
      0.5861216325026292,
      0.5861179003348718,
      0.5861152410507202,
      0.586112916469574,
      0.5861100279367887,
      0.5861055209086492,
      0.5861027378302354,
      0.5860978089846097,
      0.5860970937288724,
      0.5860955210832449,
      0.5860932010870713,
      0.586093219426962,
      0.5860893726348877,
      0.5860890883665818,
      0.5860866858409002,
      0.5860820687734164,
      0.5860812939130343,
      0.5860795470384451,
      0.586077997317681,
      0.5860767502051133,
      0.5860745860980108,
      0.5860740634111258,
      0.5860701982791607,
      0.5860662322777969,
      0.5860632016108587,
      0.5860588917365441,
      0.5860560398835403,
      0.5860483187895554,
      0.5860461271726168,
      0.5860415742947505,
      0.5860371314562284,
      0.5860329591310941,
      0.5860300660133362,
      0.5860265951890212,
      0.586022111085745,
      0.5860180671398456,
      0.5860137756054218,
      0.5860098462838393
    ],