{
  "train": {
    "loss": [
      0.6482235863804817,
      0.6468817740678787,
      0.6499108374118805,
      0.6443338543176651,
      0.6480237767100334,
      0.6453496292233467,
      0.6494371294975281,
      0.647582046687603,
      0.6502147763967514,
      0.6438255608081818,
      0.6458287388086319,
      0.646087110042572,
      0.6469076946377754,
      0.6436697319149971,
      0.6441057398915291,
      0.6490131542086601,
      0.6436083912849426,
      0.6491592898964882,
      0.6464760452508926,
      0.6425807699561119,
      0.6443170830607414,
      0.6462600752711296,
      0.6456821486353874,
      0.646135188639164,
      0.6432699784636497,
      0.6480942443013191,
      0.645366907119751,
      0.6437964141368866
    ],
    "auc": [
      0.6919642857142857,
      0.22767857142857142,
      0.4598214285714286,
      0.4955357142857143,
      0.4464285714285714,
      0.6428571428571429,
      0.4732142857142857,
      0.3705357142857143,
      0.47767857142857145,
      0.6741071428571429,
      0.6785714285714286,
      0.5178571428571428,
      0.5178571428571428,
      0.59375,
      0.5446428571428572,
      0.5982142857142857,
      0.6026785714285714,
      0.5803571428571428,
      0.5133928571428571,
      0.7455357142857143,
      0.6919642857142857,
      0.6428571428571428,
      0.6339285714285714,
      0.6383928571428572,
      0.5580357142857143,
      0.6964285714285714,
      0.65625,
      0.7633928571428571
    ],
    "accuracy": [
      0.6333333333333333,
      0.36666666666666664,
      0.43333333333333335,
      0.4666666666666667,
      0.3,
      0.6,
      0.4666666666666667,
      0.4,
      0.4,
      0.5666666666666667,
      0.6,
      0.5333333333333333,
      0.6,
      0.5666666666666667,
      0.5,
      0.5333333333333333,
      0.5666666666666667,
      0.5666666666666667,
      0.4666666666666667,
      0.7,
      0.5,
      0.6333333333333333,
      0.5333333333333333,
      0.5333333333333333,
      0.4666666666666667,
      0.4666666666666667,
      0.6,
      0.6333333333333333
    ],
    "f1": [
      0.5925925925925926,
      0.17391304347826086,
      0.10526315789473684,
      0.2727272727272727,
      0.0,
      0.5384615384615384,
      0.3333333333333333,
      0.25,
      0.1,
      0.38095238095238093,
      0.45454545454545453,
      0.3,
      0.5,
      0.38095238095238093,
      0.34782608695652173,
      0.3,
      0.5185185185185185,
      0.3157894736842105,
      0.2727272727272727,
      0.6086956521739131,
      0.21052631578947367,
      0.5217391304347826,
      0.4166666666666667,
      0.36363636363636365,
      0.2727272727272727,
      0.3333333333333333,
      0.5384615384615384,
      0.56
    ]
  },
  "val": {
    "loss": [
      0.6579377055168152,
      0.6579250544309616,
      0.6579008400440216,
      0.6578652262687683,
      0.6578571647405624,
      0.6578836888074875,
      0.6578266471624374,
      0.6577553600072861,
      0.6576856821775436,
      0.6575724631547928,
      0.6575310528278351,
      0.6574926227331161,
      0.6574468612670898,
      0.6573421061038971,
      0.6573448479175568,
      0.6573701351881027,
      0.6573748886585236,
      0.6574115008115768,
      0.6573954075574875,
      0.6573474258184433,
      0.6573408842086792,
      0.6573147773742676,
      0.6572747528553009,
      0.6572751551866531,
      0.657219871878624,
      0.6571976989507675,
      0.6571118384599686,
      0.6570773124694824
    ],
    "auc": [
      0.3333333333333333,
      0.35185185185185186,
      0.33333333333333337,
      0.3148148148148148,
      0.3333333333333333,
      0.35185185185185186,
      0.33333333333333337,
      0.3703703703703704,
      0.3888888888888889,
      0.4814814814814815,
      0.5185185185185186,
      0.5555555555555556,
      0.5740740740740741,
      0.5740740740740741,
      0.5555555555555556,
      0.5740740740740741,
      0.5555555555555556,
      0.5740740740740741,
      0.5740740740740741,
      0.5555555555555556,
      0.5370370370370371,
      0.5370370370370371,
      0.537037037037037,
      0.5555555555555556,
      0.537037037037037,
      0.537037037037037,
      0.5555555555555556,
      0.5370370370370371
    ],
    "accuracy": [
      0.6,
      0.6,
      0.6,
      0.6,
      0.6,
      0.6,
      0.6,
      0.6,
      0.6,
      0.6,
      0.6,
      0.6,
      0.6,
      0.6,
      0.6,
      0.6,
      0.6,
      0.6,
      0.6,
      0.6,
      0.6,
      0.6,
      0.6,
      0.6,
      0.6,
      0.6,
      0.6,
      0.6
    ],
    "f1": [
      0.0,
      0.0,
      0.0,
      0.0,
      0.0,
      0.0,
      0.0,
      0.0,
      0.0,
      0.0,
      0.0,
      0.0,
      0.0,
      0.0,
      0.0,
      0.0,
      0.0,
      0.0,
      0.0,
      0.0,
      0.0,
      0.0,
      0.0,
      0.0,
      0.0,
      0.0,
      0.0,
      0.0
    ]
  }
}