{
  "train": {
    "loss": [
      0.7363397553563118,
      0.7364407554268837,
      0.7396426722407341,
      0.7364005148410797,
      0.7396898120641708,
      0.7393832877278328,
      0.7422071397304535,
      0.7428450211882591,
      0.7426856979727745,
      0.742369145154953,
      0.736720934510231,
      0.7366765439510345,
      0.7391788586974144,
      0.7390577793121338,
      0.7363260462880135,
      0.7355905473232269
    ],
    "auc": [
      0.5825892857142857,
      0.4419642857142857,
      0.41517857142857145,
      0.40848214285714285,
      0.5089285714285714,
      0.5111607142857142,
      0.7678571428571428,
      0.4776785714285714,
      0.4620535714285714,
      0.6272321428571428,
      0.34375,
      0.4486607142857143,
      0.53125,
      0.5982142857142857,
      0.6897321428571428,
      0.6718750000000001
    ],
    "accuracy": [
      0.6,
      0.43333333333333335,
      0.36666666666666664,
      0.43333333333333335,
      0.5666666666666667,
      0.5333333333333333,
      0.7333333333333333,
      0.6333333333333333,
      0.4666666666666667,
      0.6,
      0.3333333333333333,
      0.4666666666666667,
      0.5666666666666667,
      0.5333333333333333,
      0.7333333333333333,
      0.6666666666666666
    ],
    "f1": [
      0.625,
      0.48484848484848486,
      0.45714285714285713,
      0.5405405405405406,
      0.43478260869565216,
      0.3,
      0.6363636363636364,
      0.42105263157894735,
      0.42857142857142855,
      0.625,
      0.375,
      0.4666666666666667,
      0.5517241379310345,
      0.46153846153846156,
      0.7142857142857143,
      0.6153846153846154
    ]
  },
  "val": {
    "loss": [
      0.7385250926017761,
      0.738520547747612,
      0.7385194301605225,
      0.7385188192129135,
      0.7385179847478867,
      0.7385164350271225,
      0.7385082095861435,
      0.7385020852088928,
      0.7385079264640808,
      0.7385165840387344,
      0.7385215610265732,
      0.7385271191596985,
      0.7385335266590118,
      0.7385412752628326,
      0.738549143075943,
      0.7385494709014893
    ],
    "auc": [
      0.6428571428571428,
      0.6160714285714286,
      0.6071428571428571,
      0.5892857142857143,
      0.625,
      0.6249999999999999,
      0.6428571428571428,
      0.6160714285714286,
      0.5892857142857142,
      0.5535714285714286,
      0.49107142857142855,
      0.4464285714285714,
      0.4642857142857143,
      0.4821428571428571,
      0.48214285714285715,
      0.5178571428571428
    ],
    "accuracy": [
      0.4,
      0.6,
      0.5333333333333333,
      0.5333333333333333,
      0.5333333333333333,
      0.5333333333333333,
      0.5333333333333333,
      0.5333333333333333,
      0.5333333333333333,
      0.5333333333333333,
      0.6,
      0.5333333333333333,
      0.6,
      0.5333333333333333,
      0.5333333333333333,
      0.4666666666666667
    ],
    "f1": [
      0.5714285714285714,
      0.5714285714285714,
      0.46153846153846156,
      0.36363636363636365,
      0.0,
      0.0,
      0.0,
      0.0,
      0.2222222222222222,
      0.36363636363636365,
      0.5,
      0.46153846153846156,
      0.5,
      0.46153846153846156,
      0.36363636363636365,
      0.2
    ]
  }
}