{
  "train": {
    "loss": [
      0.654232574833764,
      0.6549486517906189,
      0.6550109320216708,
      0.654210110505422,
      0.6542193757163154,
      0.6519859035809835,
      0.6543727980719672,
      0.653187996811337,
      0.6541447043418884,
      0.6562024023797777,
      0.6542404227786593,
      0.6561894880400764,
      0.6528253422843086,
      0.6542038255267673,
      0.6556444101863437,
      0.6541661553912692,
      0.6543175048298306,
      0.6515528559684753,
      0.6538316541247897
    ],
    "auc": [
      0.5975232198142415,
      0.4520123839009288,
      0.4613003095975232,
      0.5510835913312693,
      0.5696594427244581,
      0.7925696594427245,
      0.5232198142414861,
      0.6191950464396285,
      0.5294117647058824,
      0.3405572755417956,
      0.5325077399380804,
      0.34984520123839,
      0.6842105263157895,
      0.544891640866873,
      0.3962848297213622,
      0.5170278637770898,
      0.541795665634675,
      0.7120743034055728,
      0.6068111455108358
    ],
    "accuracy": [
      0.5277777777777778,
      0.5277777777777778,
      0.5555555555555556,
      0.4722222222222222,
      0.5277777777777778,
      0.6666666666666666,
      0.5277777777777778,
      0.5277777777777778,
      0.5277777777777778,
      0.4444444444444444,
      0.5833333333333334,
      0.4722222222222222,
      0.5277777777777778,
      0.5833333333333334,
      0.5277777777777778,
      0.5277777777777778,
      0.5555555555555556,
      0.6388888888888888,
      0.5555555555555556
    ],
    "f1": [
      0.6909090909090909,
      0.6909090909090909,
      0.7037037037037037,
      0.6274509803921569,
      0.6792452830188679,
      0.76,
      0.6530612244897959,
      0.6530612244897959,
      0.6792452830188679,
      0.6,
      0.7058823529411765,
      0.6415094339622641,
      0.6666666666666666,
      0.7169811320754716,
      0.6666666666666666,
      0.6792452830188679,
      0.6923076923076923,
      0.7346938775510204,
      0.6923076923076923
    ]
  },
  "val": {
    "loss": [
      0.6791387597719828,
      0.6791305740674337,
      0.6790193518002828,
      0.6789836684862772,
      0.6789494951566061,
      0.6790566444396973,
      0.679105818271637,
      0.6791383425394694,
      0.6790853341420492,
      0.6790966987609863,
      0.6791734496752421,
      0.6792555054028829,
      0.6791255076726278,
      0.679104228814443,
      0.6789311369260153,
      0.6791493693987528,
      0.679153045018514,
      0.6792407631874084,
      0.6792723337809244
    ],
    "auc": [
      0.6666666666666666,
      0.7222222222222222,
      0.7222222222222222,
      0.7777777777777778,
      0.6666666666666666,
      0.6111111111111112,
      0.6111111111111112,
      0.6111111111111112,
      0.6111111111111112,
      0.5555555555555555,
      0.5555555555555555,
      0.5555555555555555,
      0.6111111111111112,
      0.6666666666666666,
      0.7222222222222222,
      0.6666666666666666,
      0.6666666666666666,
      0.6666666666666666,
      0.6666666666666666
    ],
    "accuracy": [
      0.3333333333333333,
      0.3333333333333333,
      0.3333333333333333,
      0.3333333333333333,
      0.3333333333333333,
      0.3333333333333333,
      0.3333333333333333,
      0.3333333333333333,
      0.3333333333333333,
      0.3333333333333333,
      0.3333333333333333,
      0.3333333333333333,
      0.3333333333333333,
      0.3333333333333333,
      0.3333333333333333,
      0.3333333333333333,
      0.3333333333333333,
      0.3333333333333333,
      0.3333333333333333
    ],
    "f1": [
      0.5,
      0.5,
      0.5,
      0.5,
      0.5,
      0.5,
      0.5,
      0.5,
      0.5,
      0.5,
      0.5,
      0.5,
      0.5,
      0.5,
      0.5,
      0.5,
      0.5,
      0.5,
      0.5
    ]
  }
}