{
  "train": {
    "loss": [
      0.6927104847771781,
      0.6921158518110003,
      0.691809628690992,
      0.6913363763264248,
      0.6931025981903076,
      0.6939876079559326,
      0.6943117209843227,
      0.6958128299031939,
      0.6946908405848912,
      0.6900902135031564,
      0.6907968606267657
    ],
    "auc": [
      0.5029585798816568,
      0.5621301775147929,
      0.5384615384615385,
      0.6627218934911243,
      0.5739644970414202,
      0.46745562130177515,
      0.46745562130177515,
      0.34911242603550297,
      0.4615384615384615,
      0.6035502958579881,
      0.7218934911242604
    ],
    "accuracy": [
      0.46153846153846156,
      0.5,
      0.6923076923076923,
      0.5384615384615384,
      0.5769230769230769,
      0.4230769230769231,
      0.5,
      0.5,
      0.4230769230769231,
      0.5,
      0.5769230769230769
    ],
    "f1": [
      0.5625,
      0.6285714285714286,
      0.75,
      0.625,
      0.6451612903225806,
      0.4827586206896552,
      0.6060606060606061,
      0.6486486486486487,
      0.5945945945945946,
      0.6060606060606061,
      0.6857142857142857
    ]
  },
  "val": {
    "loss": [
      0.6922886371612549,
      0.6922965049743652,
      0.6922983080148697,
      0.6923030018806458,
      0.6923112571239471,
      0.6923170238733292,
      0.6923250257968903,
      0.692332923412323,
      0.6923408657312393,
      0.692348301410675,
      0.6923578530550003
    ],
    "auc": [
      0.5238095238095237,
      0.5238095238095237,
      0.5238095238095237,
      0.5,
      0.47619047619047616,
      0.47619047619047616,
      0.45238095238095233,
      0.42857142857142855,
      0.42857142857142855,
      0.42857142857142855,
      0.40476190476190477
    ],
    "accuracy": [
      0.46153846153846156,
      0.46153846153846156,
      0.46153846153846156,
      0.46153846153846156,
      0.46153846153846156,
      0.46153846153846156,
      0.46153846153846156,
      0.46153846153846156,
      0.46153846153846156,
      0.46153846153846156,
      0.46153846153846156
    ],
    "f1": [
      0.631578947368421,
      0.631578947368421,
      0.631578947368421,
      0.631578947368421,
      0.631578947368421,
      0.631578947368421,
      0.631578947368421,
      0.631578947368421,
      0.631578947368421,
      0.631578947368421,
      0.631578947368421
    ]
  }
}