{
  "train": {
    "loss": [
      0.8351563811302185,
      0.8441571965813637,
      0.8344548493623734,
      0.831760473549366,
      0.832083947956562,
      0.8387747332453728,
      0.8227910846471786,
      0.8375507518649101,
      0.8415902554988861,
      0.8349013105034828,
      0.8241742849349976,
      0.8344094157218933,
      0.8340398818254471,
      0.8429160863161087,
      0.8342784717679024,
      0.8347486257553101,
      0.8294418975710869,
      0.8240574151277542,
      0.8315773084759712
    ],
    "auc": [
      0.43518518518518523,
      0.5833333333333333,
      0.4490740740740742,
      0.6203703703703703,
      0.6064814814814815,
      0.24537037037037035,
      0.5185185185185185,
      0.28703703703703703,
      0.6805555555555557,
      0.4212962962962963,
      0.47685185185185186,
      0.5,
      0.48148148148148145,
      0.5925925925925926,
      0.5046296296296297,
      0.47685185185185186,
      0.7083333333333335,
      0.45370370370370366,
      0.6342592592592593
    ],
    "accuracy": [
      0.4,
      0.5666666666666667,
      0.5,
      0.5666666666666667,
      0.5666666666666667,
      0.43333333333333335,
      0.4,
      0.36666666666666664,
      0.6333333333333333,
      0.36666666666666664,
      0.43333333333333335,
      0.5333333333333333,
      0.4666666666666667,
      0.6,
      0.4,
      0.4,
      0.7333333333333333,
      0.43333333333333335,
      0.6
    ],
    "f1": [
      0.4375,
      0.5517241379310345,
      0.4,
      0.5806451612903226,
      0.48,
      0.10526315789473684,
      0.5,
      0.24,
      0.6451612903225806,
      0.45714285714285713,
      0.41379310344827586,
      0.5333333333333333,
      0.5,
      0.5714285714285714,
      0.4375,
      0.47058823529411764,
      0.7142857142857143,
      0.37037037037037035,
      0.6470588235294118
    ]
  },
  "val": {
    "loss": [
      0.9162060469388962,
      0.9162155836820602,
      0.9162196815013885,
      0.9162253439426422,
      0.916232243180275,
      0.9162588119506836,
      0.9162694811820984,
      0.9162912368774414,
      0.9163159281015396,
      0.9163256585597992,
      0.9163189381361008,
      0.9163359254598618,
      0.9163369685411453,
      0.9163335263729095,
      0.9163231551647186,
      0.9163037985563278,
      0.9162977784872055,
      0.916279062628746,
      0.91628098487854
    ],
    "auc": [
      0.58,
      0.58,
      0.58,
      0.6,
      0.6,
      0.6,
      0.5599999999999999,
      0.54,
      0.54,
      0.54,
      0.54,
      0.54,
      0.52,
      0.52,
      0.52,
      0.52,
      0.52,
      0.52,
      0.48
    ],
    "accuracy": [
      0.6666666666666666,
      0.6666666666666666,
      0.6666666666666666,
      0.6666666666666666,
      0.6666666666666666,
      0.6666666666666666,
      0.6666666666666666,
      0.6666666666666666,
      0.6666666666666666,
      0.6666666666666666,
      0.6666666666666666,
      0.6666666666666666,
      0.6666666666666666,
      0.6666666666666666,
      0.6666666666666666,
      0.6666666666666666,
      0.6666666666666666,
      0.6666666666666666,
      0.6666666666666666
    ],
    "f1": [
      0.8,
      0.8,
      0.8,
      0.8,
      0.8,
      0.8,
      0.8,
      0.8,
      0.8,
      0.8,
      0.8,
      0.8,
      0.8,
      0.8,
      0.8,
      0.8,
      0.8,
      0.8,
      0.8
    ]
  }
}