{
  "mean": {
    "auc": 0.5344907407407408,
    "accuracy": 0.5245614035087719,
    "f1": 0.6865079365079364,
    "precision": 0.5245614035087719,
    "recall": 1.0
  },
  "std": {
    "auc": 0.1818616695132166,
    "accuracy": 0.05441425410270464,
    "f1": 0.045935860725358026,
    "precision": 0.05441425410270464,
    "recall": 0.0
  },
  "all_folds": [
    {
      "auc": 0.28125,
      "accuracy": 0.6,
      "f1": 0.75,
      "precision": 0.6,
      "recall": 1.0
    },
    {
      "auc": 0.7,
      "accuracy": 0.5,
      "f1": 0.6666666666666666,
      "precision": 0.5,
      "recall": 1.0
    },
    {
      "auc": 0.6222222222222222,
      "accuracy": 0.47368421052631576,
      "f1": 0.6428571428571429,
      "precision": 0.47368421052631576,
      "recall": 1.0
    }
  ]
}