{
  "train": {
    "loss": [
      0.6929661461285183,
      0.696076044014522,
      0.6949415121759687,
      0.6908031616892133,
      0.692864077431815,
      0.6922299606459481,
      0.6948720897947039,
      0.6937397718429565,
      0.6897927267210824,
      0.694807265486036,
      0.695122846535274,
      0.693935751914978,
      0.6933385133743286
    ],
    "auc": [
      0.5798816568047338,
      0.3431952662721893,
      0.44970414201183434,
      0.6627218934911242,
      0.5384615384615384,
      0.5147928994082841,
      0.36094674556213013,
      0.5739644970414202,
      0.7100591715976332,
      0.45562130177514787,
      0.2958579881656805,
      0.4556213017751479,
      0.485207100591716
    ],
    "accuracy": [
      0.5384615384615384,
      0.5,
      0.46153846153846156,
      0.5,
      0.4230769230769231,
      0.38461538461538464,
      0.34615384615384615,
      0.5384615384615384,
      0.5769230769230769,
      0.38461538461538464,
      0.3076923076923077,
      0.4230769230769231,
      0.5
    ],
    "f1": [
      0.6470588235294118,
      0.6060606060606061,
      0.5333333333333333,
      0.6285714285714286,
      0.5945945945945946,
      0.5555555555555556,
      0.48484848484848486,
      0.6666666666666666,
      0.6451612903225806,
      0.5,
      0.4,
      0.5714285714285714,
      0.6285714285714286
    ]
  },
  "val": {
    "loss": [
      0.6933877766132355,
      0.6933822929859161,
      0.6933777779340744,
      0.6933723986148834,
      0.6933666169643402,
      0.6933598965406418,
      0.6933502703905106,
      0.6933417171239853,
      0.6933350712060928,
      0.6933296918869019,
      0.6933243423700333,
      0.6933169960975647,
      0.6933121383190155
    ],
    "auc": [
      0.4,
      0.4,
      0.42500000000000004,
      0.4,
      0.4,
      0.375,
      0.375,
      0.375,
      0.375,
      0.35,
      0.35,
      0.35,
      0.35
    ],
    "accuracy": [
      0.6153846153846154,
      0.6153846153846154,
      0.6153846153846154,
      0.6153846153846154,
      0.6153846153846154,
      0.6153846153846154,
      0.6153846153846154,
      0.6153846153846154,
      0.6153846153846154,
      0.6153846153846154,
      0.6153846153846154,
      0.6153846153846154,
      0.6153846153846154
    ],
    "f1": [
      0.7619047619047619,
      0.7619047619047619,
      0.7619047619047619,
      0.7619047619047619,
      0.7619047619047619,
      0.7619047619047619,
      0.7619047619047619,
      0.7619047619047619,
      0.7619047619047619,
      0.7619047619047619,
      0.7619047619047619,
      0.7619047619047619,
      0.7619047619047619
    ]
  }
}