{
  "train": {
    "loss": [
      0.6916794095720563,
      0.6895944646426609,
      0.6920561535017831,
      0.6943655865533012,
      0.6950095551354545,
      0.6949232305799212,
      0.6923950569970267,
      0.6932211603437152,
      0.6915870564324516,
      0.6934239608900887,
      0.6941253117152623
    ],
    "auc": [
      0.5502958579881656,
      0.7633136094674556,
      0.5266272189349113,
      0.4437869822485207,
      0.40236686390532544,
      0.40236686390532544,
      0.5976331360946745,
      0.5207100591715976,
      0.5857988165680474,
      0.514792899408284,
      0.42603550295857984
    ],
    "accuracy": [
      0.46153846153846156,
      0.5384615384615384,
      0.5769230769230769,
      0.38461538461538464,
      0.5,
      0.46153846153846156,
      0.6153846153846154,
      0.46153846153846156,
      0.5384615384615384,
      0.5,
      0.38461538461538464
    ],
    "f1": [
      0.5882352941176471,
      0.6666666666666666,
      0.6857142857142857,
      0.5294117647058824,
      0.6285714285714286,
      0.6111111111111112,
      0.6875,
      0.5882352941176471,
      0.6470588235294118,
      0.6285714285714286,
      0.5
    ]
  },
  "val": {
    "loss": [
      0.6893770843744278,
      0.6893703788518906,
      0.6893724799156189,
      0.6893871277570724,
      0.6894010454416275,
      0.6894272565841675,
      0.6894314587116241,
      0.6894447803497314,
      0.6894446462392807,
      0.6894514411687851,
      0.6894439309835434
    ],
    "auc": [
      0.575,
      0.575,
      0.575,
      0.575,
      0.575,
      0.575,
      0.575,
      0.575,
      0.575,
      0.575,
      0.575
    ],
    "accuracy": [
      0.6153846153846154,
      0.6153846153846154,
      0.6153846153846154,
      0.6153846153846154,
      0.6153846153846154,
      0.6153846153846154,
      0.6153846153846154,
      0.6153846153846154,
      0.6153846153846154,
      0.6153846153846154,
      0.6153846153846154
    ],
    "f1": [
      0.7619047619047619,
      0.7619047619047619,
      0.7619047619047619,
      0.7619047619047619,
      0.7619047619047619,
      0.7619047619047619,
      0.7619047619047619,
      0.7619047619047619,
      0.7619047619047619,
      0.7619047619047619,
      0.7619047619047619
    ]
  }
}