{
  "train": {
    "loss": [
      0.5444976346833366,
      0.546256776366915,
      0.5450256722314017,
      0.5692000048501151,
      0.569475599697658,
      0.5450232326984406,
      0.5439477562904358,
      0.5458915914808001,
      0.5446491028581347,
      0.5455565452575684,
      0.5693009325436184
    ],
    "auc": [
      0.56,
      0.22666666666666666,
      0.41333333333333333,
      0.43333333333333335,
      0.43333333333333335,
      0.5066666666666667,
      0.58,
      0.36,
      0.36,
      0.3866666666666666,
      0.4866666666666667
    ],
    "accuracy": [
      0.52,
      0.28,
      0.44,
      0.4,
      0.48,
      0.56,
      0.52,
      0.4,
      0.52,
      0.4,
      0.48
    ],
    "f1": [
      0.5384615384615384,
      0.25,
      0.3,
      0.2857142857142857,
      0.48,
      0.5217391304347826,
      0.5,
      0.2857142857142857,
      0.3333333333333333,
      0.4,
      0.48
    ]
  },
  "val": {
    "loss": [
      0.5489306002855301,
      0.5489302277565002,
      0.548931248486042,
      0.5489328950643539,
      0.5489349663257599,
      0.548937164247036,
      0.5489378720521927,
      0.5489390417933464,
      0.5489425137639046,
      0.5489453747868538,
      0.5489475280046463
    ],
    "auc": [
      0.30952380952380953,
      0.30952380952380953,
      0.30952380952380953,
      0.30952380952380953,
      0.30952380952380953,
      0.30952380952380953,
      0.30952380952380953,
      0.28571428571428575,
      0.2619047619047619,
      0.23809523809523808,
      0.2142857142857143
    ],
    "accuracy": [
      0.46153846153846156,
      0.46153846153846156,
      0.46153846153846156,
      0.46153846153846156,
      0.46153846153846156,
      0.46153846153846156,
      0.46153846153846156,
      0.46153846153846156,
      0.46153846153846156,
      0.46153846153846156,
      0.46153846153846156
    ],
    "f1": [
      0.0,
      0.0,
      0.0,
      0.0,
      0.0,
      0.0,
      0.0,
      0.0,
      0.0,
      0.0,
      0.0
    ]
  }
}