{
  "train": {
    "loss": [
      0.7471772006579808,
      0.7430562973022461,
      0.7455732907567706,
      0.7526386976242065,
      0.7402356437274388,
      0.7425186634063721,
      0.7502034732273647,
      0.7461531417710441,
      0.748908017362867,
      0.7515951309885297,
      0.7482255101203918,
      0.7434749603271484,
      0.7421589664050511,
      0.7459972330502102,
      0.7485355564526149,
      0.748652560370309,
      0.7436291405132839,
      0.7433892914227077,
      0.7508830002376011
    ],
    "auc": [
      0.44047619047619047,
      0.6904761904761905,
      0.5773809523809523,
      0.43452380952380953,
      0.6190476190476191,
      0.4642857142857143,
      0.5357142857142857,
      0.5654761904761905,
      0.6071428571428571,
      0.40476190476190477,
      0.39880952380952384,
      0.4642857142857143,
      0.5476190476190476,
      0.5297619047619048,
      0.4583333333333333,
      0.5119047619047619,
      0.42261904761904756,
      0.4107142857142857,
      0.4880952380952381
    ],
    "accuracy": [
      0.4230769230769231,
      0.6923076923076923,
      0.5769230769230769,
      0.5,
      0.46153846153846156,
      0.5,
      0.38461538461538464,
      0.5769230769230769,
      0.4230769230769231,
      0.4230769230769231,
      0.34615384615384615,
      0.5384615384615384,
      0.5384615384615384,
      0.5,
      0.5,
      0.46153846153846156,
      0.46153846153846156,
      0.46153846153846156,
      0.5384615384615384
    ],
    "f1": [
      0.5714285714285714,
      0.75,
      0.6206896551724138,
      0.6285714285714286,
      0.5625,
      0.6060606060606061,
      0.5555555555555556,
      0.6666666666666666,
      0.5454545454545454,
      0.4827586206896552,
      0.41379310344827586,
      0.6,
      0.6470588235294118,
      0.6285714285714286,
      0.5806451612903226,
      0.5625,
      0.5625,
      0.5625,
      0.6
    ]
  },
  "val": {
    "loss": [
      0.75750532746315,
      0.7575045675039291,
      0.7574972659349442,
      0.7574907392263412,
      0.7574745863676071,
      0.7574697434902191,
      0.757466733455658,
      0.7574640065431595,
      0.7574504017829895,
      0.7574431598186493,
      0.7574375867843628,
      0.7574377357959747,
      0.7574416249990463,
      0.7574526369571686,
      0.7574561089277267,
      0.757450133562088,
      0.7574435174465179,
      0.7574428468942642,
      0.7574484497308731
    ],
    "auc": [
      0.28888888888888886,
      0.28888888888888886,
      0.28888888888888886,
      0.28888888888888886,
      0.28888888888888886,
      0.28888888888888886,
      0.28888888888888886,
      0.28888888888888886,
      0.3111111111111111,
      0.3111111111111111,
      0.3111111111111111,
      0.3111111111111111,
      0.3111111111111111,
      0.28888888888888886,
      0.3111111111111111,
      0.3111111111111111,
      0.3111111111111111,
      0.28888888888888886,
      0.26666666666666666
    ],
    "accuracy": [
      0.6428571428571429,
      0.6428571428571429,
      0.6428571428571429,
      0.6428571428571429,
      0.6428571428571429,
      0.6428571428571429,
      0.6428571428571429,
      0.6428571428571429,
      0.6428571428571429,
      0.6428571428571429,
      0.6428571428571429,
      0.6428571428571429,
      0.6428571428571429,
      0.6428571428571429,
      0.6428571428571429,
      0.6428571428571429,
      0.6428571428571429,
      0.6428571428571429,
      0.6428571428571429
    ],
    "f1": [
      0.782608695652174,
      0.782608695652174,
      0.782608695652174,
      0.782608695652174,
      0.782608695652174,
      0.782608695652174,
      0.782608695652174,
      0.782608695652174,
      0.782608695652174,
      0.782608695652174,
      0.782608695652174,
      0.782608695652174,
      0.782608695652174,
      0.782608695652174,
      0.782608695652174,
      0.782608695652174,
      0.782608695652174,
      0.782608695652174,
      0.782608695652174
    ]
  }
}